side,fund,source,type,nav,broker_code,statement_id,record_id,blk_cusip,sec_id_type,sec_id,sec_desc,orig_face,cur_par,fee_amt,collateral,restricted,ind_amt,recv_amount,deliv_amount,avail_amt,deal_amount,foreign_amount,sec_type,sec_group,ext_asset_info,ref_entity,maturity,price_date,ext_asset_info_null_safe,sec_type_null_safe,orig_face_plus_fee_amt_factor_plus_1,orig_face_minus_collateral_factor_minus_1,fail_face_coll,orig_face_abs
A,844350,S,,,BR100,354199217,35630639000,000000XX0,CUSIP,US000000000,SECURITY 0,13149.11,13280.6,0.0,0.0,0.0,0.0,0.0,0.0,0.0,0.0,0.0,COMMON,EQUITY,FUT,Single,,2026-03-17,FUT,COMMON,13149.11,13149.11,13149.11,13149.11
B,844350,S,,,BR101,354199212,35630639001,000000XX0,CUSIP,US000000000,SECURITY 0,1475.2,1489.95,0.0,0.0,0.0,0.0,0.0,0.0,0.0,0.0,0.0,COMMON,EQUITY,FUT,Single,,2026-03-17,FUT,COMMON,1475.2,1475.2,1475.2,1475.2
A,844350,S,,,BR102,354199217,35630639002,000001XX1,CUSIP,US000000001,SECURITY 1,6225.56,6287.82,0.0,0.0,0.0,0.0,0.0,0.0,0.0,0.0,0.0,COMMON,EQUITY,OPT,Single,,2026-03-17,OPT,COMMON,6225.56,6225.56,6225.56,6225.56
B,844350,S,,,BR103,354199212,35630639003,000001XX1,CUSIP,US000000001,SECURITY 1,5241.0,5293.41,0.0,0.0,0.0,0.0,0.0,0.0,0.0,0.0,0.0,COMMON,EQUITY,OPT,Single,,2026-03-17,OPT,COMMON,5241.0,5241.0,5241.0,5241.0
A,844350,S,,,BR104,354199217,35630639004,000002XX2,CUSIP,US000000002,SECURITY 2,14992.95,15142.88,0.0,0.0,0.0,0.0,0.0,0.0,0.0,0.0,0.0,COMMON,EQUITY,BKL,Single,,2026-03-17,BKL,COMMON,14992.95,14992.95,14992.95,14992.95
B,844350,S,,,BR105,354199212,35630639005,000002XX2,CUSIP,US000000002,SECURITY 2,13857.29,13995.86,0.0,0.0,0.0,0.0,0.0,0.0,0.0,0.0,0.0,COMMON,EQUITY,BKL,Single,,2026-03-17,BKL,COMMON,13857.29,13857.29,13857.29,13857.29
A,844350,S,,,BR106,354199217,35630639006,000003XX3,CUSIP,US000000003,SECURITY 3,17951.41,18130.92,0.0,0.0,0.0,0.0,0.0,0.0,0.0,0.0,0.0,COMMON,EQUITY,FUT,Single,,2026-03-17,FUT,COMMON,17951.41,17951.41,17951.41,17951.41
B,844350,S,,,BR107,354199212,35630639007,000003XX3,CUSIP,US000000003,SECURITY 3,2651.84,2678.36,0.0,0.0,0.0,0.0,0.0,0.0,0.0,0.0,0.0,COMMON,EQUITY,FUT,Single,,2026-03-17,FUT,COMMON,2651.84,2651.84,2651.84,2651.84
A,844350,S,,,BR108,354199217,35630639008,000004XX4,CUSIP,US000000004,SECURITY 4,9016.51,9106.68,0.0,0.0,0.0,0.0,0.0,0.0,0.0,0.0,0.0,COMMON,EQUITY,OPT,Single,,2026-03-17,OPT,COMMON,9016.51,9016.51,9016.51,9016.51
B,844350,S,,,BR109,354199212,35630639009,000004XX4,CUSIP,US000000004,SECURITY 4,1566.15,1581.81,0.0,0.0,0.0,0.0,0.0,0.0,0.0,0.0,0.0,COMMON,EQUITY,OPT,Single,,2026-03-17,OPT,COMMON,1566.15,1566.15,1566.15,1566.15
A,844350,S,,,BR110,354199217,35630639010,000005XX5,CUSIP,US000000005,SECURITY 5,5154.12,5205.66,0.0,0.0,0.0,0.0,0.0,0.0,0.0,0.0,0.0,COMMON,EQUITY,BKL,Single,,2026-03-17,BKL,COMMON,5154.12,5154.12,5154.12,5154.12
B,844350,S,,,BR111,354199212,35630639011,000005XX5,CUSIP,US000000005,SECURITY 5,10601.75,10707.77,0.0,0.0,0.0,0.0,0.0,0.0,0.0,0.0,0.0,COMMON,EQUITY,BKL,Single,,2026-03-17,BKL,COMMON,10601.75,10601.75,10601.75,10601.75
A,844350,S,,,BR112,354199217,35630639012,000006XX6,CUSIP,US000000006,SECURITY 6,1504.18,1519.22,0.0,0.0,0.0,0.0,0.0,0.0,0.0,0.0,0.0,COMMON,EQUITY,FUT,Single,,2026-03-17,FUT,COMMON,1504.18,1504.18,1504.18,1504.18
B,844350,S,,,BR113,354199212,35630639013,000006XX6,CUSIP,US000000006,SECURITY 6,4777.92,4825.7,0.0,0.0,0.0,0.0,0.0,0.0,0.0,0.0,0.0,COMMON,EQUITY,FUT,Single,,2026-03-17,FUT,COMMON,4777.92,4777.92,4777.92,4777.92
A,844350,S,,,BR114,354199217,35630639014,000007XX7,CUSIP,US000000007,SECURITY 7,13347.8,13481.28,0.0,0.0,0.0,0.0,0.0,0.0,0.0,0.0,0.0,COMMON,EQUITY,OPT,Single,,2026-03-17,OPT,COMMON,13347.8,13347.8,13347.8,13347.8
B,844350,S,,,BR115,354199212,35630639015,000007XX7,CUSIP,US000000007,SECURITY 7,11353.89,11467.43,0.0,0.0,0.0,0.0,0.0,0.0,0.0,0.0,0.0,COMMON,EQUITY,OPT,Single,,2026-03-17,OPT,COMMON,11353.89,11353.89,11353.89,11353.89
A,844350,S,,,BR116,354199217,35630639016,000008XX8,CUSIP,US000000008,SECURITY 8,5188.37,5240.25,0.0,0.0,0.0,0.0,0.0,0.0,0.0,0.0,0.0,COMMON,EQUITY,BKL,Single,,2026-03-17,BKL,COMMON,5188.37,5188.37,5188.37,5188.37
B,844350,S,,,BR117,354199212,35630639017,000008XX8,CUSIP,US000000008,SECURITY 8,12196.05,12318.01,0.0,0.0,0.0,0.0,0.0,0.0,0.0,0.0,0.0,COMMON,EQUITY,BKL,Single,,2026-03-17,BKL,COMMON,12196.05,12196.05,12196.05,12196.05
A,844350,S,,,BR118,354199217,35630639018,000009XX9,CUSIP,US000000009,SECURITY 9,16379.18,16542.97,0.0,0.0,0.0,0.0,0.0,0.0,0.0,0.0,0.0,COMMON,EQUITY,FUT,Single,,2026-03-17,FUT,COMMON,16379.18,16379.18,16379.18,16379.18
B,844350,S,,,BR119,354199212,35630639019,000009XX9,CUSIP,US000000009,SECURITY 9,1123.48,1134.71,0.0,0.0,0.0,0.0,0.0,0.0,0.0,0.0,0.0,COMMON,EQUITY,FUT,Single,,2026-03-17,FUT,COMMON,1123.48,1123.48,1123.48,1123.48
A,844350,S,,,BR120,354199217,35630639020,000010XX0,CUSIP,US000000010,SECURITY 10,16310.57,16473.68,0.0,0.0,0.0,0.0,0.0,0.0,0.0,0.0,0.0,COMMON,EQUITY,OPT,Single,,2026-03-17,OPT,COMMON,16310.57,16310.57,16310.57,16310.57
B,844350,S,,,BR121,354199212,35630639021,000010XX0,CUSIP,US000000010,SECURITY 10,14264.65,14407.3,0.0,0.0,0.0,0.0,0.0,0.0,0.0,0.0,0.0,COMMON,EQUITY,OPT,Single,,2026-03-17,OPT,COMMON,14264.65,14264.65,14264.65,14264.65
A,844350,S,,,BR122,354199217,35630639022,000011XX1,CUSIP,US000000011,SECURITY 11,7464.76,7539.41,0.0,0.0,0.0,0.0,0.0,0.0,0.0,0.0,0.0,COMMON,EQUITY,BKL,Single,,2026-03-17,BKL,COMMON,7464.76,7464.76,7464.76,7464.76
B,844350,S,,,BR123,354199212,35630639023,000011XX1,CUSIP,US000000011,SECURITY 11,3954.11,3993.65,0.0,0.0,0.0,0.0,0.0,0.0,0.0,0.0,0.0,COMMON,EQUITY,BKL,Single,,2026-03-17,BKL,COMMON,3954.11,3954.11,3954.11,3954.11
A,844350,S,,,BR124,354199217,35630639024,000012XX2,CUSIP,US000000012,SECURITY 12,19187.05,19378.92,0.0,0.0,0.0,0.0,0.0,0.0,0.0,0.0,0.0,COMMON,EQUITY,FUT,Single,,2026-03-17,FUT,COMMON,19187.05,19187.05,19187.05,19187.05
B,844350,S,,,BR125,354199212,35630639025,000012XX2,CUSIP,US000000012,SECURITY 12,7395.3,7469.25,0.0,0.0,0.0,0.0,0.0,0.0,0.0,0.0,0.0,COMMON,EQUITY,FUT,Single,,2026-03-17,FUT,COMMON,7395.3,7395.3,7395.3,7395.3
A,844350,S,,,BR126,354199217,35630639026,000013XX3,CUSIP,US000000013,SECURITY 13,2762.17,2789.79,0.0,0.0,0.0,0.0,0.0,0.0,0.0,0.0,0.0,COMMON,EQUITY,OPT,Single,,2026-03-17,OPT,COMMON,2762.17,2762.17,2762.17,2762.17
B,844350,S,,,BR127,354199212,35630639027,000013XX3,CUSIP,US000000013,SECURITY 13,2837.61,2865.99,0.0,0.0,0.0,0.0,0.0,0.0,0.0,0.0,0.0,COMMON,EQUITY,OPT,Single,,2026-03-17,OPT,COMMON,2837.61,2837.61,2837.61,2837.61
A,844350,S,,,BR128,354199217,35630639028,000014XX4,CUSIP,US000000014,SECURITY 14,17102.39,17273.41,0.0,0.0,0.0,0.0,0.0,0.0,0.0,0.0,0.0,COMMON,EQUITY,BKL,Single,,2026-03-17,BKL,COMMON,17102.39,17102.39,17102.39,17102.39
B,844350,S,,,BR129,354199212,35630639029,000014XX4,CUSIP,US000000014,SECURITY 14,12470.79,12595.5,0.0,0.0,0.0,0.0,0.0,0.0,0.0,0.0,0.0,COMMON,EQUITY,BKL,Single,,2026-03-17,BKL,COMMON,12470.79,12470.79,12470.79,12470.79
A,844350,S,,,BR130,354199217,35630639030,000015XX5,CUSIP,US000000015,SECURITY 15,3783.79,3821.63,0.0,422.85,0.0,0.0,0.0,0.0,0.0,0.0,0.0,COLLATERAL,CASH,STK,Single,,2026-03-17,STK,COLLATERAL,3783.79,3360.94,4206.64,3783.79
B,844350,S,,,BR131,354199212,35630639031,000015XX5,CUSIP,US000000015,SECURITY 15,4879.02,4927.81,0.0,314.49,0.0,0.0,0.0,0.0,0.0,0.0,0.0,COLLATERAL,CASH,STK,Single,,2026-03-17,STK,COLLATERAL,4879.02,4564.53,5193.51,4879.02
A,844350,S,,,BR132,354199217,35630639032,000016XX6,CUSIP,US000000016,SECURITY 16,2984.18,3014.02,0.0,251.41,0.0,0.0,0.0,0.0,0.0,0.0,0.0,COLLATERAL,CASH,STK,Single,,2026-03-17,STK,COLLATERAL,2984.18,2732.77,3235.59,2984.18
B,844350,S,,,BR133,354199212,35630639033,000016XX6,CUSIP,US000000016,SECURITY 16,3283.34,3316.17,0.0,431.76,0.0,0.0,0.0,0.0,0.0,0.0,0.0,COLLATERAL,CASH,STK,Single,,2026-03-17,STK,COLLATERAL,3283.34,2851.58,3715.1,3283.34
A,844350,S,,,BR134,354199217,35630639034,000017XX7,CUSIP,US000000017,SECURITY 17,3098.08,3129.06,0.0,444.68,0.0,0.0,0.0,0.0,0.0,0.0,0.0,COLLATERAL,CASH,STK,Single,,2026-03-17,STK,COLLATERAL,3098.08,2653.4,3542.76,3098.08
B,844350,S,,,BR135,354199212,35630639035,000017XX7,CUSIP,US000000017,SECURITY 17,706.21,713.27,0.0,381.83,0.0,0.0,0.0,0.0,0.0,0.0,0.0,COLLATERAL,CASH,STK,Single,,2026-03-17,STK,COLLATERAL,706.21,324.38,1088.04,706.21
A,844350,S,,,BR136,354199217,35630639036,000018XX8,CUSIP,US000000018,SECURITY 18,1802.25,1820.27,0.0,191.16,0.0,0.0,0.0,0.0,0.0,0.0,0.0,COLLATERAL,CASH,STK,Single,,2026-03-17,STK,COLLATERAL,1802.25,1611.09,1993.41,1802.25
B,844350,S,,,BR137,354199212,35630639037,000018XX8,CUSIP,US000000018,SECURITY 18,1547.56,1563.04,0.0,131.92,0.0,0.0,0.0,0.0,0.0,0.0,0.0,COLLATERAL,CASH,STK,Single,,2026-03-17,STK,COLLATERAL,1547.56,1415.64,1679.48,1547.56
A,844350,S,,,BR138,354199217,35630639038,000019XX9,CUSIP,US000000019,SECURITY 19,1750.88,1768.39,0.0,140.4,0.0,0.0,0.0,0.0,0.0,0.0,0.0,COLLATERAL,CASH,STK,Single,,2026-03-17,STK,COLLATERAL,1750.88,1610.48,1891.28,1750.88
B,844350,S,,,BR139,354199212,35630639039,000019XX9,CUSIP,US000000019,SECURITY 19,2141.74,2163.16,0.0,354.27,0.0,0.0,0.0,0.0,0.0,0.0,0.0,COLLATERAL,CASH,STK,Single,,2026-03-17,STK,COLLATERAL,2141.74,1787.47,2496.01,2141.74
A,844350,S,HEDGE,,BR140,354199217,35630639040,000100XX0,CUSIP,US000000100,SECURITY 100,4331.63,4374.95,0.0,0.0,0.0,0.0,0.0,0.0,0.0,0.0,0.0,COMMON,FX,STK,Single,,2026-03-17,STK,COMMON,4331.63,4331.63,4331.63,4331.63
A,844350,S,HEDGE,,BR141,354199217,35630639041,000101XX1,CUSIP,US000000101,SECURITY 101,2885.56,2914.42,0.0,0.0,0.0,0.0,0.0,0.0,0.0,0.0,0.0,COMMON,FX,STK,Single,,2026-03-17,STK,COMMON,2885.56,2885.56,2885.56,2885.56
A,844350,S,HEDGE,,BR142,354199217,35630639042,000102XX2,CUSIP,US000000102,SECURITY 102,3402.8,3436.83,0.0,0.0,0.0,0.0,0.0,0.0,0.0,0.0,0.0,COMMON,FX,STK,Single,,2026-03-17,STK,COMMON,3402.8,3402.8,3402.8,3402.8
A,844350,S,HEDGE,,BR143,354199217,35630639043,000103XX3,CUSIP,US000000103,SECURITY 103,9429.89,9524.19,0.0,0.0,0.0,0.0,0.0,0.0,0.0,0.0,0.0,COMMON,FX,STK,Single,,2026-03-17,STK,COMMON,9429.89,9429.89,9429.89,9429.89
A,844350,S,HEDGE,,BR144,354199217,35630639044,000104XX4,CUSIP,US000000104,SECURITY 104,6832.32,6900.64,0.0,0.0,0.0,0.0,0.0,0.0,0.0,0.0,0.0,COMMON,FX,STK,Single,,2026-03-17,STK,COMMON,6832.32,6832.32,6832.32,6832.32
A,844350,S,,,BR145,354199217,35630639045,000020XX0,CUSIP,US000000020,SECURITY 20,32410.9,32735.01,0.0,0.0,0.0,0.0,0.0,0.0,0.0,0.0,0.0,COMMON,FUND,STK,Single,,2026-03-17,STK,COMMON,32410.9,32410.9,32410.9,32410.9
B,844350,S,,,BR146,354199212,35630639046,000020XX0,CUSIP,US000000020,SECURITY 20,32410.89,32735.0,0.0,0.0,0.0,0.0,0.0,0.0,0.0,0.0,0.0,COMMON,FUND,STK,Single,,2026-03-17,STK,COMMON,32410.89,32410.89,32410.89,32410.89
A,844350,S,,,BR147,354199217,35630639047,000021XX1,CUSIP,US000000021,SECURITY 21,37810.71,38188.82,0.0,0.0,0.0,0.0,0.0,0.0,0.0,0.0,0.0,COMMON,FUND,STK,Single,,2026-03-17,STK,COMMON,37810.71,37810.71,37810.71,37810.71
B,844350,S,,,BR148,354199212,35630639048,000021XX1,CUSIP,US000000021,SECURITY 21,37810.7,38188.81,0.0,0.0,0.0,0.0,0.0,0.0,0.0,0.0,0.0,COMMON,FUND,STK,Single,,2026-03-17,STK,COMMON,37810.7,37810.7,37810.7,37810.7
A,844350,S,,,BR149,354199217,35630639049,000022XX2,CUSIP,US000000022,SECURITY 22,22075.49,22296.24,0.0,0.0,0.0,0.0,0.0,0.0,0.0,0.0,0.0,COMMON,FUND,STK,Single,,2026-03-17,STK,COMMON,22075.49,22075.49,22075.49,22075.49
B,844350,S,,,BR150,354199212,35630639050,000022XX2,CUSIP,US000000022,SECURITY 22,22075.5,22296.26,0.0,0.0,0.0,0.0,0.0,0.0,0.0,0.0,0.0,COMMON,FUND,STK,Single,,2026-03-17,STK,COMMON,22075.5,22075.5,22075.5,22075.5
A,844350,S,,,BR151,354199217,35630639051,000023XX3,CUSIP,US000000023,SECURITY 23,33799.99,34137.99,0.0,0.0,0.0,0.0,0.0,0.0,0.0,0.0,0.0,COMMON,FUND,STK,Single,,2026-03-17,STK,COMMON,33799.99,33799.99,33799.99,33799.99
B,844350,S,,,BR152,354199212,35630639052,000023XX3,CUSIP,US000000023,SECURITY 23,33799.99,34137.99,0.0,0.0,0.0,0.0,0.0,0.0,0.0,0.0,0.0,COMMON,FUND,STK,Single,,2026-03-17,STK,COMMON,33799.99,33799.99,33799.99,33799.99
A,844350,S,,,BR153,354199217,35630639053,000024XX4,CUSIP,US000000024,SECURITY 24,35807.64,36165.72,0.0,0.0,0.0,0.0,0.0,0.0,0.0,0.0,0.0,COMMON,FUND,STK,Single,,2026-03-17,STK,COMMON,35807.64,35807.64,35807.64,35807.64
B,844350,S,,,BR154,354199212,35630639054,000024XX4,CUSIP,US000000024,SECURITY 24,35807.65,36165.73,0.0,0.0,0.0,0.0,0.0,0.0,0.0,0.0,0.0,COMMON,FUND,STK,Single,,2026-03-17,STK,COMMON,35807.65,35807.65,35807.65,35807.65
A,844350,S,,,BR155,354199217,35630639055,000025XX5,CUSIP,US000000025,SECURITY 25,39920.0,40319.2,0.0,0.0,0.0,0.0,0.0,0.0,0.0,0.0,0.0,COMMON,FUND,STK,Single,,2026-03-17,STK,COMMON,39920.0,39920.0,39920.0,39920.0
B,844350,S,,,BR156,354199212,35630639056,000025XX5,CUSIP,US000000025,SECURITY 25,39920.0,40319.2,0.0,0.0,0.0,0.0,0.0,0.0,0.0,0.0,0.0,COMMON,FUND,STK,Single,,2026-03-17,STK,COMMON,39920.0,39920.0,39920.0,39920.0
A,844350,S,,,BR157,354199217,35630639057,000026XX6,CUSIP,US000000026,SECURITY 26,6444.51,6508.96,0.0,0.0,0.0,0.0,0.0,0.0,0.0,0.0,0.0,COMMON,FUND,STK,Single,,2026-03-17,STK,COMMON,6444.51,6444.51,6444.51,6444.51
B,844350,S,,,BR158,354199212,35630639058,000026XX6,CUSIP,US000000026,SECURITY 26,6444.51,6508.96,0.0,0.0,0.0,0.0,0.0,0.0,0.0,0.0,0.0,COMMON,FUND,STK,Single,,2026-03-17,STK,COMMON,6444.51,6444.51,6444.51,6444.51
A,844350,S,,,BR159,354199217,35630639059,000027XX7,CUSIP,US000000027,SECURITY 27,17048.34,17218.82,0.0,0.0,0.0,0.0,0.0,0.0,0.0,0.0,0.0,COMMON,FUND,STK,Single,,2026-03-17,STK,COMMON,17048.34,17048.34,17048.34,17048.34
B,844350,S,,,BR160,354199212,35630639060,000027XX7,CUSIP,US000000027,SECURITY 27,17048.33,17218.81,0.0,0.0,0.0,0.0,0.0,0.0,0.0,0.0,0.0,COMMON,FUND,STK,Single,,2026-03-17,STK,COMMON,17048.33,17048.33,17048.33,17048.33
A,844350,S,,,BR161,354199217,35630639061,000028XX8,CUSIP,US000000028,SECURITY 28,47430.94,47905.25,0.0,0.0,0.0,0.0,0.0,0.0,0.0,0.0,0.0,COMMON,FUND,STK,Single,,2026-03-17,STK,COMMON,47430.94,47430.94,47430.94,47430.94
B,844350,S,,,BR162,354199212,35630639062,000028XX8,CUSIP,US000000028,SECURITY 28,47430.95,47905.26,0.0,0.0,0.0,0.0,0.0,0.0,0.0,0.0,0.0,COMMON,FUND,STK,Single,,2026-03-17,STK,COMMON,47430.95,47430.95,47430.95,47430.95
A,844350,S,,,BR163,354199217,35630639063,000029XX9,CUSIP,US000000029,SECURITY 29,19160.5,19352.1,0.0,0.0,0.0,0.0,0.0,0.0,0.0,0.0,0.0,COMMON,FUND,STK,Single,,2026-03-17,STK,COMMON,19160.5,19160.5,19160.5,19160.5
B,844350,S,,,BR164,354199212,35630639064,000029XX9,CUSIP,US000000029,SECURITY 29,19160.5,19352.1,0.0,0.0,0.0,0.0,0.0,0.0,0.0,0.0,0.0,COMMON,FUND,STK,Single,,2026-03-17,STK,COMMON,19160.5,19160.5,19160.5,19160.5
A,844350,S,,,BR165,354199217,35630639065,000030XX0,CUSIP,US000000030,SECURITY 30,40167.56,40569.24,0.0,0.0,0.0,0.0,0.0,0.0,0.0,0.0,0.0,COMMON,EQUITY,STK,Single,,2026-03-17,STK,COMMON,40167.56,40167.56,40167.56,40167.56
B,844350,S,,,BR166,354199212,35630639066,000030XX0,CUSIP,US000000030,SECURITY 30,40167.56,40569.24,0.0,0.0,0.0,0.0,0.0,0.0,0.0,0.0,0.0,COMMON,EQUITY,STK,Single,,2026-03-17,STK,COMMON,40167.56,40167.56,40167.56,40167.56
A,844350,S,,,BR167,354199217,35630639067,000031XX1,CUSIP,US000000031,SECURITY 31,46426.33,46890.59,0.0,0.0,0.0,0.0,0.0,0.0,0.0,0.0,0.0,COMMON,EQUITY,STK,Single,,2026-03-17,STK,COMMON,46426.33,46426.33,46426.33,46426.33
B,844350,S,,,BR168,354199212,35630639068,000031XX1,CUSIP,US000000031,SECURITY 31,46426.33,46890.59,0.0,0.0,0.0,0.0,0.0,0.0,0.0,0.0,0.0,COMMON,EQUITY,STK,Single,,2026-03-17,STK,COMMON,46426.33,46426.33,46426.33,46426.33
A,844350,S,,,BR169,354199217,35630639069,000032XX2,CUSIP,US000000032,SECURITY 32,25416.12,25670.28,0.0,0.0,0.0,0.0,0.0,0.0,0.0,0.0,0.0,COMMON,EQUITY,STK,Single,,2026-03-17,STK,COMMON,25416.12,25416.12,25416.12,25416.12
B,844350,S,,,BR170,354199212,35630639070,000032XX2,CUSIP,US000000032,SECURITY 32,25416.12,25670.28,0.0,0.0,0.0,0.0,0.0,0.0,0.0,0.0,0.0,COMMON,EQUITY,STK,Single,,2026-03-17,STK,COMMON,25416.12,25416.12,25416.12,25416.12
A,844350,S,,,BR171,354199217,35630639071,000033XX3,CUSIP,US000000033,SECURITY 33,27011.42,27281.53,0.0,0.0,0.0,0.0,0.0,0.0,0.0,0.0,0.0,COMMON,EQUITY,STK,Single,,2026-03-17,STK,COMMON,27011.42,27011.42,27011.42,27011.42
B,844350,S,,,BR172,354199212,35630639072,000033XX3,CUSIP,US000000033,SECURITY 33,27011.42,27281.53,0.0,0.0,0.0,0.0,0.0,0.0,0.0,0.0,0.0,COMMON,EQUITY,STK,Single,,2026-03-17,STK,COMMON,27011.42,27011.42,27011.42,27011.42
A,844350,S,,,BR173,354199217,35630639073,000034XX4,CUSIP,US000000034,SECURITY 34,89884.47,90783.31,0.0,0.0,0.0,0.0,0.0,0.0,0.0,0.0,0.0,COMMON,EQUITY,STK,Single,,2026-03-17,STK,COMMON,89884.47,89884.47,89884.47,89884.47
B,844350,S,,,BR174,354199212,35630639074,000034XX4,CUSIP,US000000034,SECURITY 34,89884.47,90783.31,0.0,0.0,0.0,0.0,0.0,0.0,0.0,0.0,0.0,COMMON,EQUITY,STK,Single,,2026-03-17,STK,COMMON,89884.47,89884.47,89884.47,89884.47
A,844350,S,,,BR175,354199217,35630639075,000035XX5,CUSIP,US000000035,SECURITY 35,22712.76,22939.89,0.0,0.0,0.0,0.0,0.0,0.0,0.0,0.0,0.0,COMMON,EQUITY,STK,Single,,2026-03-17,STK,COMMON,22712.76,22712.76,22712.76,22712.76
B,844350,S,,,BR176,354199212,35630639076,000035XX5,CUSIP,US000000035,SECURITY 35,22712.76,22939.89,0.0,0.0,0.0,0.0,0.0,0.0,0.0,0.0,0.0,COMMON,EQUITY,STK,Single,,2026-03-17,STK,COMMON,22712.76,22712.76,22712.76,22712.76
A,844350,S,,,BR177,354199217,35630639077,000036XX6,CUSIP,US000000036,SECURITY 36,51443.1,51957.53,0.0,0.0,0.0,0.0,0.0,0.0,0.0,0.0,0.0,COMMON,EQUITY,STK,Single,,2026-03-17,STK,COMMON,51443.1,51443.1,51443.1,51443.1
B,844350,S,,,BR178,354199212,35630639078,000036XX6,CUSIP,US000000036,SECURITY 36,51443.1,51957.53,0.0,0.0,0.0,0.0,0.0,0.0,0.0,0.0,0.0,COMMON,EQUITY,STK,Single,,2026-03-17,STK,COMMON,51443.1,51443.1,51443.1,51443.1
A,844350,S,,,BR179,354199217,35630639079,000037XX7,CUSIP,US000000037,SECURITY 37,5664.52,5721.17,0.0,0.0,0.0,0.0,0.0,0.0,0.0,0.0,0.0,COMMON,EQUITY,STK,Single,,2026-03-17,STK,COMMON,5664.52,5664.52,5664.52,5664.52
B,844350,S,,,BR180,354199212,35630639080,000037XX7,CUSIP,US000000037,SECURITY 37,5664.52,5721.17,0.0,0.0,0.0,0.0,0.0,0.0,0.0,0.0,0.0,COMMON,EQUITY,STK,Single,,2026-03-17,STK,COMMON,5664.52,5664.52,5664.52,5664.52
A,844350,S,,,BR181,354199217,35630639081,000038XX8,CUSIP,US000000038,SECURITY 38,63117.16,63748.33,0.0,0.0,0.0,0.0,0.0,0.0,0.0,0.0,0.0,COMMON,EQUITY,STK,Single,,2026-03-17,STK,COMMON,63117.16,63117.16,63117.16,63117.16
B,844350,S,,,BR182,354199212,35630639082,000038XX8,CUSIP,US000000038,SECURITY 38,63117.16,63748.33,0.0,0.0,0.0,0.0,0.0,0.0,0.0,0.0,0.0,COMMON,EQUITY,STK,Single,,2026-03-17,STK,COMMON,63117.16,63117.16,63117.16,63117.16
A,844350,S,,,BR183,354199217,35630639083,000039XX9,CUSIP,US000000039,SECURITY 39,42793.84,43221.78,0.0,0.0,0.0,0.0,0.0,0.0,0.0,0.0,0.0,COMMON,EQUITY,STK,Single,,2026-03-17,STK,COMMON,42793.84,42793.84,42793.84,42793.84
B,844350,S,,,BR184,354199212,35630639084,000039XX9,CUSIP,US000000039,SECURITY 39,42793.84,43221.78,0.0,0.0,0.0,0.0,0.0,0.0,0.0,0.0,0.0,COMMON,EQUITY,STK,Single,,2026-03-17,STK,COMMON,42793.84,42793.84,42793.84,42793.84
A,844350,S,,,BR185,354199217,35630639085,000040XX0,CUSIP,US000000040,SECURITY 40,38780.31,39168.11,0.0,0.0,0.0,0.0,0.0,0.0,0.0,0.0,0.0,COMMON,EQUITY,STK,Single,,2026-03-17,STK,COMMON,38780.31,38780.31,38780.31,38780.31
B,844350,S,,,BR186,354199212,35630639086,000040XX0,CUSIP,US000000040,SECURITY 40,38780.31,39168.11,0.0,0.0,0.0,0.0,0.0,0.0,0.0,0.0,0.0,COMMON,EQUITY,STK,Single,,2026-03-17,STK,COMMON,38780.31,38780.31,38780.31,38780.31
A,844350,S,,,BR187,354199217,35630639087,000041XX1,CUSIP,US000000041,SECURITY 41,53382.32,53916.14,0.0,0.0,0.0,0.0,0.0,0.0,0.0,0.0,0.0,COMMON,EQUITY,STK,Single,,2026-03-17,STK,COMMON,53382.32,53382.32,53382.32,53382.32
B,844350,S,,,BR188,354199212,35630639088,000041XX1,CUSIP,US000000041,SECURITY 41,53382.32,53916.14,0.0,0.0,0.0,0.0,0.0,0.0,0.0,0.0,0.0,COMMON,EQUITY,STK,Single,,2026-03-17,STK,COMMON,53382.32,53382.32,53382.32,53382.32
A,844350,S,,,BR189,354199217,35630639089,000042XX2,CUSIP,US000000042,SECURITY 42,86217.19,87079.36,0.0,0.0,0.0,0.0,0.0,0.0,0.0,0.0,0.0,COMMON,EQUITY,STK,Single,,2026-03-17,STK,COMMON,86217.19,86217.19,86217.19,86217.19
B,844350,S,,,BR190,354199212,35630639090,000042XX2,CUSIP,US000000042,SECURITY 42,86217.19,87079.36,0.0,0.0,0.0,0.0,0.0,0.0,0.0,0.0,0.0,COMMON,EQUITY,STK,Single,,2026-03-17,STK,COMMON,86217.19,86217.19,86217.19,86217.19
A,844350,S,,,BR191,354199217,35630639091,000043XX3,CUSIP,US000000043,SECURITY 43,72351.46,73074.97,0.0,0.0,0.0,0.0,0.0,0.0,0.0,0.0,0.0,COMMON,EQUITY,STK,Single,,2026-03-17,STK,COMMON,72351.46,72351.46,72351.46,72351.46
B,844350,S,,,BR192,354199212,35630639092,000043XX3,CUSIP,US000000043,SECURITY 43,72351.46,73074.97,0.0,0.0,0.0,0.0,0.0,0.0,0.0,0.0,0.0,COMMON,EQUITY,STK,Single,,2026-03-17,STK,COMMON,72351.46,72351.46,72351.46,72351.46
A,844350,S,,,BR193,354199217,35630639093,000044XX4,CUSIP,US000000044,SECURITY 44,54160.06,54701.66,0.0,0.0,0.0,0.0,0.0,0.0,0.0,0.0,0.0,COMMON,EQUITY,STK,Single,,2026-03-17,STK,COMMON,54160.06,54160.06,54160.06,54160.06
B,844350,S,,,BR194,354199212,35630639094,000044XX4,CUSIP,US000000044,SECURITY 44,54160.06,54701.66,0.0,0.0,0.0,0.0,0.0,0.0,0.0,0.0,0.0,COMMON,EQUITY,STK,Single,,2026-03-17,STK,COMMON,54160.06,54160.06,54160.06,54160.06
A,844350,S,,,BR195,354199217,35630639095,000045XX5,CUSIP,US000000045,SECURITY 45,64455.22,65099.77,0.0,0.0,0.0,0.0,0.0,0.0,0.0,0.0,0.0,COMMON,EQUITY,STK,Single,,2026-03-17,STK,COMMON,64455.22,64455.22,64455.22,64455.22
B,844350,S,,,BR196,354199212,35630639096,000045XX5,CUSIP,US000000045,SECURITY 45,64455.22,65099.77,0.0,0.0,0.0,0.0,0.0,0.0,0.0,0.0,0.0,COMMON,EQUITY,STK,Single,,2026-03-17,STK,COMMON,64455.22,64455.22,64455.22,64455.22
A,844350,S,,,BR197,354199217,35630639097,000046XX6,CUSIP,US000000046,SECURITY 46,44041.76,44482.18,0.0,0.0,0.0,0.0,0.0,0.0,0.0,0.0,0.0,COMMON,EQUITY,STK,Single,,2026-03-17,STK,COMMON,44041.76,44041.76,44041.76,44041.76
B,844350,S,,,BR198,354199212,35630639098,000046XX6,CUSIP,US000000046,SECURITY 46,44041.76,44482.18,0.0,0.0,0.0,0.0,0.0,0.0,0.0,0.0,0.0,COMMON,EQUITY,STK,Single,,2026-03-17,STK,COMMON,44041.76,44041.76,44041.76,44041.76
A,844350,S,,,BR199,354199217,35630639099,000047XX7,CUSIP,US000000047,SECURITY 47,95427.78,96382.06,0.0,0.0,0.0,0.0,0.0,0.0,0.0,0.0,0.0,COMMON,EQUITY,STK,Single,,2026-03-17,STK,COMMON,95427.78,95427.78,95427.78,95427.78
B,844350,S,,,BR200,354199212,35630639100,000047XX7,CUSIP,US000000047,SECURITY 47,95427.78,96382.06,0.0,0.0,0.0,0.0,0.0,0.0,0.0,0.0,0.0,COMMON,EQUITY,STK,Single,,2026-03-17,STK,COMMON,95427.78,95427.78,95427.78,95427.78
A,844350,S,,,BR201,354199217,35630639101,000048XX8,CUSIP,US000000048,SECURITY 48,27075.52,27346.28,0.0,0.0,0.0,0.0,0.0,0.0,0.0,0.0,0.0,COMMON,EQUITY,STK,Single,,2026-03-17,STK,COMMON,27075.52,27075.52,27075.52,27075.52
B,844350,S,,,BR202,354199212,35630639102,000048XX8,CUSIP,US000000048,SECURITY 48,27075.52,27346.28,0.0,0.0,0.0,0.0,0.0,0.0,0.0,0.0,0.0,COMMON,EQUITY,STK,Single,,2026-03-17,STK,COMMON,27075.52,27075.52,27075.52,27075.52
A,844350,S,,,BR203,354199217,35630639103,000049XX9,CUSIP,US000000049,SECURITY 49,18686.54,18873.41,0.0,0.0,0.0,0.0,0.0,0.0,0.0,0.0,0.0,COMMON,EQUITY,STK,Single,,2026-03-17,STK,COMMON,18686.54,18686.54,18686.54,18686.54
B,844350,S,,,BR204,354199212,35630639104,000049XX9,CUSIP,US000000049,SECURITY 49,18686.54,18873.41,0.0,0.0,0.0,0.0,0.0,0.0,0.0,0.0,0.0,COMMON,EQUITY,STK,Single,,2026-03-17,STK,COMMON,18686.54,18686.54,18686.54,18686.54
A,844350,S,,,BR205,354199217,35630639105,000050XX0,CUSIP,US000000050,SECURITY 50,87181.34,88053.15,0.0,0.0,0.0,0.0,0.0,0.0,0.0,0.0,0.0,COMMON,EQUITY,STK,Single,,2026-03-17,STK,COMMON,87181.34,87181.34,87181.34,87181.34
B,844350,S,,,BR206,354199212,35630639106,000050XX0,CUSIP,US000000050,SECURITY 50,87181.34,88053.15,0.0,0.0,0.0,0.0,0.0,0.0,0.0,0.0,0.0,COMMON,EQUITY,STK,Single,,2026-03-17,STK,COMMON,87181.34,87181.34,87181.34,87181.34
A,844350,S,,,BR207,354199217,35630639107,000051XX1,CUSIP,US000000051,SECURITY 51,64256.0,64898.56,0.0,0.0,0.0,0.0,0.0,0.0,0.0,0.0,0.0,COMMON,EQUITY,STK,Single,,2026-03-17,STK,COMMON,64256.0,64256.0,64256.0,64256.0
B,844350,S,,,BR208,354199212,35630639108,000051XX1,CUSIP,US000000051,SECURITY 51,64256.0,64898.56,0.0,0.0,0.0,0.0,0.0,0.0,0.0,0.0,0.0,COMMON,EQUITY,STK,Single,,2026-03-17,STK,COMMON,64256.0,64256.0,64256.0,64256.0
A,844350,S,,,BR209,354199217,35630639109,000052XX2,CUSIP,US000000052,SECURITY 52,16131.09,16292.4,0.0,0.0,0.0,0.0,0.0,0.0,0.0,0.0,0.0,COMMON,EQUITY,STK,Single,,2026-03-17,STK,COMMON,16131.09,16131.09,16131.09,16131.09
B,844350,S,,,BR210,354199212,35630639110,000052XX2,CUSIP,US000000052,SECURITY 52,16131.09,16292.4,0.0,0.0,0.0,0.0,0.0,0.0,0.0,0.0,0.0,COMMON,EQUITY,STK,Single,,2026-03-17,STK,COMMON,16131.09,16131.09,16131.09,16131.09
A,844350,S,,,BR211,354199217,35630639111,000053XX3,CUSIP,US000000053,SECURITY 53,54398.52,54942.51,0.0,0.0,0.0,0.0,0.0,0.0,0.0,0.0,0.0,COMMON,EQUITY,STK,Single,,2026-03-17,STK,COMMON,54398.52,54398.52,54398.52,54398.52
B,844350,S,,,BR212,354199212,35630639112,000053XX3,CUSIP,US000000053,SECURITY 53,54398.52,54942.51,0.0,0.0,0.0,0.0,0.0,0.0,0.0,0.0,0.0,COMMON,EQUITY,STK,Single,,2026-03-17,STK,COMMON,54398.52,54398.52,54398.52,54398.52
A,844350,S,,,BR213,354199217,35630639113,000054XX4,CUSIP,US000000054,SECURITY 54,53505.01,54040.06,0.0,0.0,0.0,0.0,0.0,0.0,0.0,0.0,0.0,COMMON,EQUITY,STK,Single,,2026-03-17,STK,COMMON,53505.01,53505.01,53505.01,53505.01
B,844350,S,,,BR214,354199212,35630639114,000054XX4,CUSIP,US000000054,SECURITY 54,53505.01,54040.06,0.0,0.0,0.0,0.0,0.0,0.0,0.0,0.0,0.0,COMMON,EQUITY,STK,Single,,2026-03-17,STK,COMMON,53505.01,53505.01,53505.01,53505.01
A,844350,S,,,BR215,354199217,35630639115,000055XX5,CUSIP,US000000055,SECURITY 55,33091.45,33422.36,0.0,0.0,0.0,0.0,0.0,0.0,0.0,0.0,0.0,COMMON,EQUITY,STK,Single,,2026-03-17,STK,COMMON,33091.45,33091.45,33091.45,33091.45
B,844350,S,,,BR216,354199212,35630639116,000055XX5,CUSIP,US000000055,SECURITY 55,33091.45,33422.36,0.0,0.0,0.0,0.0,0.0,0.0,0.0,0.0,0.0,COMMON,EQUITY,STK,Single,,2026-03-17,STK,COMMON,33091.45,33091.45,33091.45,33091.45
A,844350,S,,,BR217,354199217,35630639117,000056XX6,CUSIP,US000000056,SECURITY 56,92980.76,93910.57,0.0,0.0,0.0,0.0,0.0,0.0,0.0,0.0,0.0,COMMON,EQUITY,STK,Single,,2026-03-17,STK,COMMON,92980.76,92980.76,92980.76,92980.76
B,844350,S,,,BR218,354199212,35630639118,000056XX6,CUSIP,US000000056,SECURITY 56,92980.76,93910.57,0.0,0.0,0.0,0.0,0.0,0.0,0.0,0.0,0.0,COMMON,EQUITY,STK,Single,,2026-03-17,STK,COMMON,92980.76,92980.76,92980.76,92980.76
A,844350,S,,,BR219,354199217,35630639119,000057XX7,CUSIP,US000000057,SECURITY 57,83334.89,84168.24,0.0,0.0,0.0,0.0,0.0,0.0,0.0,0.0,0.0,COMMON,EQUITY,STK,Single,,2026-03-17,STK,COMMON,83334.89,83334.89,83334.89,83334.89
B,844350,S,,,BR220,354199212,35630639120,000057XX7,CUSIP,US000000057,SECURITY 57,83334.89,84168.24,0.0,0.0,0.0,0.0,0.0,0.0,0.0,0.0,0.0,COMMON,EQUITY,STK,Single,,2026-03-17,STK,COMMON,83334.89,83334.89,83334.89,83334.89
A,844350,S,,,BR221,354199217,35630639121,000058XX8,CUSIP,US000000058,SECURITY 58,6734.59,6801.94,0.0,0.0,0.0,0.0,0.0,0.0,0.0,0.0,0.0,COMMON,EQUITY,STK,Single,,2026-03-17,STK,COMMON,6734.59,6734.59,6734.59,6734.59
B,844350,S,,,BR222,354199212,35630639122,000058XX8,CUSIP,US000000058,SECURITY 58,6734.59,6801.94,0.0,0.0,0.0,0.0,0.0,0.0,0.0,0.0,0.0,COMMON,EQUITY,STK,Single,,2026-03-17,STK,COMMON,6734.59,6734.59,6734.59,6734.59
A,844350,S,,,BR223,354199217,35630639123,000059XX9,CUSIP,US000000059,SECURITY 59,94748.0,95695.48,0.0,0.0,0.0,0.0,0.0,0.0,0.0,0.0,0.0,COMMON,EQUITY,STK,Single,,2026-03-17,STK,COMMON,94748.0,94748.0,94748.0,94748.0
B,844350,S,,,BR224,354199212,35630639124,000059XX9,CUSIP,US000000059,SECURITY 59,94748.0,95695.48,0.0,0.0,0.0,0.0,0.0,0.0,0.0,0.0,0.0,COMMON,EQUITY,STK,Single,,2026-03-17,STK,COMMON,94748.0,94748.0,94748.0,94748.0
A,844350,S,,,BR225,354199217,35630639125,000060XX0,CUSIP,US000000060,SECURITY 60,49113.06,49604.19,0.0,0.0,0.0,0.0,0.0,0.0,0.0,0.0,0.0,COMMON,EQUITY,STK,Single,,2026-03-17,STK,COMMON,49113.06,49113.06,49113.06,49113.06
B,844350,S,,,BR226,354199212,35630639126,000060XX0,CUSIP,US000000060,SECURITY 60,49113.06,49604.19,0.0,0.0,0.0,0.0,0.0,0.0,0.0,0.0,0.0,COMMON,EQUITY,STK,Single,,2026-03-17,STK,COMMON,49113.06,49113.06,49113.06,49113.06
A,844350,S,,,BR227,354199217,35630639127,000061XX1,CUSIP,US000000061,SECURITY 61,76299.61,77062.61,0.0,0.0,0.0,0.0,0.0,0.0,0.0,0.0,0.0,COMMON,EQUITY,STK,Single,,2026-03-17,STK,COMMON,76299.61,76299.61,76299.61,76299.61
B,844350,S,,,BR228,354199212,35630639128,000061XX1,CUSIP,US000000061,SECURITY 61,76299.61,77062.61,0.0,0.0,0.0,0.0,0.0,0.0,0.0,0.0,0.0,COMMON,EQUITY,STK,Single,,2026-03-17,STK,COMMON,76299.61,76299.61,76299.61,76299.61
A,844350,S,,,BR229,354199217,35630639129,000062XX2,CUSIP,US000000062,SECURITY 62,13710.75,13847.86,0.0,0.0,0.0,0.0,0.0,0.0,0.0,0.0,0.0,COMMON,EQUITY,STK,Single,,2026-03-17,STK,COMMON,13710.75,13710.75,13710.75,13710.75
B,844350,S,,,BR230,354199212,35630639130,000062XX2,CUSIP,US000000062,SECURITY 62,13710.75,13847.86,0.0,0.0,0.0,0.0,0.0,0.0,0.0,0.0,0.0,COMMON,EQUITY,STK,Single,,2026-03-17,STK,COMMON,13710.75,13710.75,13710.75,13710.75
A,844350,S,,,BR231,354199217,35630639131,000063XX3,CUSIP,US000000063,SECURITY 63,55430.56,55984.87,0.0,0.0,0.0,0.0,0.0,0.0,0.0,0.0,0.0,COMMON,EQUITY,STK,Single,,2026-03-17,STK,COMMON,55430.56,55430.56,55430.56,55430.56
B,844350,S,,,BR232,354199212,35630639132,000063XX3,CUSIP,US000000063,SECURITY 63,55430.56,55984.87,0.0,0.0,0.0,0.0,0.0,0.0,0.0,0.0,0.0,COMMON,EQUITY,STK,Single,,2026-03-17,STK,COMMON,55430.56,55430.56,55430.56,55430.56
A,844350,S,,,BR233,354199217,35630639133,000064XX4,CUSIP,US000000064,SECURITY 64,87370.87,88244.58,0.0,0.0,0.0,0.0,0.0,0.0,0.0,0.0,0.0,COMMON,EQUITY,STK,Single,,2026-03-17,STK,COMMON,87370.87,87370.87,87370.87,87370.87
B,844350,S,,,BR234,354199212,35630639134,000064XX4,CUSIP,US000000064,SECURITY 64,87370.87,88244.58,0.0,0.0,0.0,0.0,0.0,0.0,0.0,0.0,0.0,COMMON,EQUITY,STK,Single,,2026-03-17,STK,COMMON,87370.87,87370.87,87370.87,87370.87
A,844350,S,,,BR235,354199217,35630639135,000065XX5,CUSIP,US000000065,SECURITY 65,21968.02,22187.7,0.0,0.0,0.0,0.0,0.0,0.0,0.0,0.0,0.0,COMMON,EQUITY,STK,Single,,2026-03-17,STK,COMMON,21968.02,21968.02,21968.02,21968.02
B,844350,S,,,BR236,354199212,35630639136,000065XX5,CUSIP,US000000065,SECURITY 65,21968.02,22187.7,0.0,0.0,0.0,0.0,0.0,0.0,0.0,0.0,0.0,COMMON,EQUITY,STK,Single,,2026-03-17,STK,COMMON,21968.02,21968.02,21968.02,21968.02
A,844350,S,,,BR237,354199217,35630639137,000066XX6,CUSIP,US000000066,SECURITY 66,73263.18,73995.81,0.0,0.0,0.0,0.0,0.0,0.0,0.0,0.0,0.0,COMMON,EQUITY,STK,Single,,2026-03-17,STK,COMMON,73263.18,73263.18,73263.18,73263.18
B,844350,S,,,BR238,354199212,35630639138,000066XX6,CUSIP,US000000066,SECURITY 66,73263.18,73995.81,0.0,0.0,0.0,0.0,0.0,0.0,0.0,0.0,0.0,COMMON,EQUITY,STK,Single,,2026-03-17,STK,COMMON,73263.18,73263.18,73263.18,73263.18
A,844350,S,,,BR239,354199217,35630639139,000067XX7,CUSIP,US000000067,SECURITY 67,31859.91,32178.51,0.0,0.0,0.0,0.0,0.0,0.0,0.0,0.0,0.0,COMMON,EQUITY,STK,Single,,2026-03-17,STK,COMMON,31859.91,31859.91,31859.91,31859.91
B,844350,S,,,BR240,354199212,35630639140,000067XX7,CUSIP,US000000067,SECURITY 67,31859.91,32178.51,0.0,0.0,0.0,0.0,0.0,0.0,0.0,0.0,0.0,COMMON,EQUITY,STK,Single,,2026-03-17,STK,COMMON,31859.91,31859.91,31859.91,31859.91
A,844350,S,,,BR241,354199217,35630639141,000068XX8,CUSIP,US000000068,SECURITY 68,65337.93,65991.31,0.0,0.0,0.0,0.0,0.0,0.0,0.0,0.0,0.0,COMMON,EQUITY,STK,Single,,2026-03-17,STK,COMMON,65337.93,65337.93,65337.93,65337.93
B,844350,S,,,BR242,354199212,35630639142,000068XX8,CUSIP,US000000068,SECURITY 68,65337.93,65991.31,0.0,0.0,0.0,0.0,0.0,0.0,0.0,0.0,0.0,COMMON,EQUITY,STK,Single,,2026-03-17,STK,COMMON,65337.93,65337.93,65337.93,65337.93
A,844350,S,,,BR243,354199217,35630639143,000069XX9,CUSIP,US000000069,SECURITY 69,52240.01,52762.41,0.0,0.0,0.0,0.0,0.0,0.0,0.0,0.0,0.0,COMMON,EQUITY,STK,Single,,2026-03-17,STK,COMMON,52240.01,52240.01,52240.01,52240.01
B,844350,S,,,BR244,354199212,35630639144,000069XX9,CUSIP,US000000069,SECURITY 69,52240.01,52762.41,0.0,0.0,0.0,0.0,0.0,0.0,0.0,0.0,0.0,COMMON,EQUITY,STK,Single,,2026-03-17,STK,COMMON,52240.01,52240.01,52240.01,52240.01
A,844350,S,,,BR245,354199217,35630639145,000070XX0,CUSIP,US000000070,SECURITY 70,23245.04,23477.49,0.0,0.0,0.0,0.0,0.0,0.0,0.0,0.0,0.0,COMMON,EQUITY,STK,Single,,2026-03-17,STK,COMMON,23245.04,23245.04,23245.04,23245.04
B,844350,S,,,BR246,354199212,35630639146,000070XX0,CUSIP,US000000070,SECURITY 70,23245.04,23477.49,0.0,0.0,0.0,0.0,0.0,0.0,0.0,0.0,0.0,COMMON,EQUITY,STK,Single,,2026-03-17,STK,COMMON,23245.04,23245.04,23245.04,23245.04
A,844350,S,,,BR247,354199217,35630639147,000071XX1,CUSIP,US000000071,SECURITY 71,59242.56,59834.99,0.0,0.0,0.0,0.0,0.0,0.0,0.0,0.0,0.0,COMMON,EQUITY,STK,Single,,2026-03-17,STK,COMMON,59242.56,59242.56,59242.56,59242.56
B,844350,S,,,BR248,354199212,35630639148,000071XX1,CUSIP,US000000071,SECURITY 71,59242.56,59834.99,0.0,0.0,0.0,0.0,0.0,0.0,0.0,0.0,0.0,COMMON,EQUITY,STK,Single,,2026-03-17,STK,COMMON,59242.56,59242.56,59242.56,59242.56
A,844350,S,,,BR249,354199217,35630639149,000072XX2,CUSIP,US000000072,SECURITY 72,22801.52,23029.54,0.0,0.0,0.0,0.0,0.0,0.0,0.0,0.0,0.0,COMMON,EQUITY,STK,Single,,2026-03-17,STK,COMMON,22801.52,22801.52,22801.52,22801.52
B,844350,S,,,BR250,354199212,35630639150,000072XX2,CUSIP,US000000072,SECURITY 72,22801.52,23029.54,0.0,0.0,0.0,0.0,0.0,0.0,0.0,0.0,0.0,COMMON,EQUITY,STK,Single,,2026-03-17,STK,COMMON,22801.52,22801.52,22801.52,22801.52
A,844350,S,,,BR251,354199217,35630639151,000073XX3,CUSIP,US000000073,SECURITY 73,63479.19,64113.98,0.0,0.0,0.0,0.0,0.0,0.0,0.0,0.0,0.0,COMMON,EQUITY,STK,Single,,2026-03-17,STK,COMMON,63479.19,63479.19,63479.19,63479.19
B,844350,S,,,BR252,354199212,35630639152,000073XX3,CUSIP,US000000073,SECURITY 73,63479.19,64113.98,0.0,0.0,0.0,0.0,0.0,0.0,0.0,0.0,0.0,COMMON,EQUITY,STK,Single,,2026-03-17,STK,COMMON,63479.19,63479.19,63479.19,63479.19
A,844350,S,,,BR253,354199217,35630639153,000074XX4,CUSIP,US000000074,SECURITY 74,90636.58,91542.95,0.0,0.0,0.0,0.0,0.0,0.0,0.0,0.0,0.0,COMMON,EQUITY,STK,Single,,2026-03-17,STK,COMMON,90636.58,90636.58,90636.58,90636.58
B,844350,S,,,BR254,354199212,35630639154,000074XX4,CUSIP,US000000074,SECURITY 74,90636.58,91542.95,0.0,0.0,0.0,0.0,0.0,0.0,0.0,0.0,0.0,COMMON,EQUITY,STK,Single,,2026-03-17,STK,COMMON,90636.58,90636.58,90636.58,90636.58
A,844350,S,,,BR255,354199217,35630639155,000075XX5,CUSIP,US000000075,SECURITY 75,8014.88,8095.03,0.0,0.0,0.0,0.0,0.0,0.0,0.0,0.0,0.0,COMMON,EQUITY,STK,Single,,2026-03-17,STK,COMMON,8014.88,8014.88,8014.88,8014.88
B,844350,S,,,BR256,354199212,35630639156,000075XX5,CUSIP,US000000075,SECURITY 75,8014.88,8095.03,0.0,0.0,0.0,0.0,0.0,0.0,0.0,0.0,0.0,COMMON,EQUITY,STK,Single,,2026-03-17,STK,COMMON,8014.88,8014.88,8014.88,8014.88
A,844350,S,,,BR257,354199217,35630639157,000076XX6,CUSIP,US000000076,SECURITY 76,67228.8,67901.09,0.0,0.0,0.0,0.0,0.0,0.0,0.0,0.0,0.0,COMMON,EQUITY,STK,Single,,2026-03-17,STK,COMMON,67228.8,67228.8,67228.8,67228.8
B,844350,S,,,BR258,354199212,35630639158,000076XX6,CUSIP,US000000076,SECURITY 76,67228.8,67901.09,0.0,0.0,0.0,0.0,0.0,0.0,0.0,0.0,0.0,COMMON,EQUITY,STK,Single,,2026-03-17,STK,COMMON,67228.8,67228.8,67228.8,67228.8
A,844350,S,,,BR259,354199217,35630639159,000077XX7,CUSIP,US000000077,SECURITY 77,14098.87,14239.86,0.0,0.0,0.0,0.0,0.0,0.0,0.0,0.0,0.0,COMMON,EQUITY,STK,Single,,2026-03-17,STK,COMMON,14098.87,14098.87,14098.87,14098.87
B,844350,S,,,BR260,354199212,35630639160,000077XX7,CUSIP,US000000077,SECURITY 77,14098.87,14239.86,0.0,0.0,0.0,0.0,0.0,0.0,0.0,0.0,0.0,COMMON,EQUITY,STK,Single,,2026-03-17,STK,COMMON,14098.87,14098.87,14098.87,14098.87
A,844350,S,,,BR261,354199217,35630639161,000078XX8,CUSIP,US000000078,SECURITY 78,57533.27,58108.6,0.0,0.0,0.0,0.0,0.0,0.0,0.0,0.0,0.0,COMMON,EQUITY,STK,Single,,2026-03-17,STK,COMMON,57533.27,57533.27,57533.27,57533.27
B,844350,S,,,BR262,354199212,35630639162,000078XX8,CUSIP,US000000078,SECURITY 78,57533.27,58108.6,0.0,0.0,0.0,0.0,0.0,0.0,0.0,0.0,0.0,COMMON,EQUITY,STK,Single,,2026-03-17,STK,COMMON,57533.27,57533.27,57533.27,57533.27
A,844350,S,,,BR263,354199217,35630639163,000079XX9,CUSIP,US000000079,SECURITY 79,78677.32,79464.09,0.0,0.0,0.0,0.0,0.0,0.0,0.0,0.0,0.0,COMMON,EQUITY,STK,Single,,2026-03-17,STK,COMMON,78677.32,78677.32,78677.32,78677.32
B,844350,S,,,BR264,354199212,35630639164,000079XX9,CUSIP,US000000079,SECURITY 79,78677.32,79464.09,0.0,0.0,0.0,0.0,0.0,0.0,0.0,0.0,0.0,COMMON,EQUITY,STK,Single,,2026-03-17,STK,COMMON,78677.32,78677.32,78677.32,78677.32
A,844350,S,,,BR265,354199217,35630639165,000200XX0,CUSIP,US000000200,SECURITY 200,17616.4,17792.56,0.0,0.0,0.0,0.0,0.0,0.0,0.0,0.0,0.0,COMMON,EQUITY,STK,Multiple,,2026-03-17,STK,COMMON,17616.4,17616.4,17616.4,17616.4
B,844350,B,,,BR266,354199212,35630639166,000200XX0,CUSIP,US000000200,SECURITY 200,10569.84,10675.54,0.0,0.0,0.0,0.0,0.0,0.0,0.0,0.0,0.0,COMMON,EQUITY,STK,Multiple,,2026-03-17,STK,COMMON,10569.84,10569.84,10569.84,10569.84
B,844350,S,,,BR267,354199212,35630639167,000200XX0,CUSIP,US000000200,SECURITY 200,7046.56,7117.03,0.0,0.0,0.0,0.0,0.0,0.0,0.0,0.0,0.0,COMMON,EQUITY,STK,Multiple,,2026-03-17,STK,COMMON,7046.56,7046.56,7046.56,7046.56
A,844350,S,,,BR268,354199217,35630639168,000201XX1,CUSIP,US000000201,SECURITY 201,13877.23,14016.0,0.0,0.0,0.0,0.0,0.0,0.0,0.0,0.0,0.0,COMMON,EQUITY,STK,Multiple,,2026-03-17,STK,COMMON,13877.23,13877.23,13877.23,13877.23
B,844350,B,,,BR269,354199212,35630639169,000201XX1,CUSIP,US000000201,SECURITY 201,8326.34,8409.6,0.0,0.0,0.0,0.0,0.0,0.0,0.0,0.0,0.0,COMMON,EQUITY,STK,Multiple,,2026-03-17,STK,COMMON,8326.34,8326.34,8326.34,8326.34
B,844350,S,,,BR270,354199212,35630639170,000201XX1,CUSIP,US000000201,SECURITY 201,5550.89,5606.4,0.0,0.0,0.0,0.0,0.0,0.0,0.0,0.0,0.0,COMMON,EQUITY,STK,Multiple,,2026-03-17,STK,COMMON,5550.89,5550.89,5550.89,5550.89
A,844350,S,,,BR271,354199217,35630639171,000202XX2,CUSIP,US000000202,SECURITY 202,27242.05,27514.47,0.0,0.0,0.0,0.0,0.0,0.0,0.0,0.0,0.0,COMMON,EQUITY,STK,Multiple,,2026-03-17,STK,COMMON,27242.05,27242.05,27242.05,27242.05
B,844350,B,,,BR272,354199212,35630639172,000202XX2,CUSIP,US000000202,SECURITY 202,16345.23,16508.68,0.0,0.0,0.0,0.0,0.0,0.0,0.0,0.0,0.0,COMMON,EQUITY,STK,Multiple,,2026-03-17,STK,COMMON,16345.23,16345.23,16345.23,16345.23
B,844350,S,,,BR273,354199212,35630639173,000202XX2,CUSIP,US000000202,SECURITY 202,10896.82,11005.79,0.0,0.0,0.0,0.0,0.0,0.0,0.0,0.0,0.0,COMMON,EQUITY,STK,Multiple,,2026-03-17,STK,COMMON,10896.82,10896.82,10896.82,10896.82
A,844350,S,,,BR274,354199217,35630639174,000203XX3,CUSIP,US000000203,SECURITY 203,26943.14,27212.57,0.0,0.0,0.0,0.0,0.0,0.0,0.0,0.0,0.0,COMMON,EQUITY,STK,Multiple,,2026-03-17,STK,COMMON,26943.14,26943.14,26943.14,26943.14
B,844350,B,,,BR275,354199212,35630639175,000203XX3,CUSIP,US000000203,SECURITY 203,16165.88,16327.54,0.0,0.0,0.0,0.0,0.0,0.0,0.0,0.0,0.0,COMMON,EQUITY,STK,Multiple,,2026-03-17,STK,COMMON,16165.88,16165.88,16165.88,16165.88
B,844350,S,,,BR276,354199212,35630639176,000203XX3,CUSIP,US000000203,SECURITY 203,10777.26,10885.03,0.0,0.0,0.0,0.0,0.0,0.0,0.0,0.0,0.0,COMMON,EQUITY,STK,Multiple,,2026-03-17,STK,COMMON,10777.26,10777.26,10777.26,10777.26
A,844350,S,,,BR277,354199217,35630639177,000204XX4,CUSIP,US000000204,SECURITY 204,28680.99,28967.8,0.0,0.0,0.0,0.0,0.0,0.0,0.0,0.0,0.0,COMMON,EQUITY,STK,Multiple,,2026-03-17,STK,COMMON,28680.99,28680.99,28680.99,28680.99
B,844350,B,,,BR278,354199212,35630639178,000204XX4,CUSIP,US000000204,SECURITY 204,17208.59,17380.68,0.0,0.0,0.0,0.0,0.0,0.0,0.0,0.0,0.0,COMMON,EQUITY,STK,Multiple,,2026-03-17,STK,COMMON,17208.59,17208.59,17208.59,17208.59
B,844350,S,,,BR279,354199212,35630639179,000204XX4,CUSIP,US000000204,SECURITY 204,11472.4,11587.12,0.0,0.0,0.0,0.0,0.0,0.0,0.0,0.0,0.0,COMMON,EQUITY,STK,Multiple,,2026-03-17,STK,COMMON,11472.4,11472.4,11472.4,11472.4
A,844350,S,,,BR280,354199217,35630639180,000205XX5,CUSIP,US000000205,SECURITY 205,39163.03,39554.66,0.0,0.0,0.0,0.0,0.0,0.0,0.0,0.0,0.0,COMMON,EQUITY,STK,Multiple,,2026-03-17,STK,COMMON,39163.03,39163.03,39163.03,39163.03
B,844350,B,,,BR281,354199212,35630639181,000205XX5,CUSIP,US000000205,SECURITY 205,23497.82,23732.8,0.0,0.0,0.0,0.0,0.0,0.0,0.0,0.0,0.0,COMMON,EQUITY,STK,Multiple,,2026-03-17,STK,COMMON,23497.82,23497.82,23497.82,23497.82
B,844350,S,,,BR282,354199212,35630639182,000205XX5,CUSIP,US000000205,SECURITY 205,15665.21,15821.86,0.0,0.0,0.0,0.0,0.0,0.0,0.0,0.0,0.0,COMMON,EQUITY,STK,Multiple,,2026-03-17,STK,COMMON,15665.21,15665.21,15665.21,15665.21
A,844350,S,,,BR283,354199217,35630639183,000206XX6,CUSIP,US000000206,SECURITY 206,36934.58,37303.93,0.0,0.0,0.0,0.0,0.0,0.0,0.0,0.0,0.0,COMMON,EQUITY,STK,Multiple,,2026-03-17,STK,COMMON,36934.58,36934.58,36934.58,36934.58
B,844350,B,,,BR284,354199212,35630639184,000206XX6,CUSIP,US000000206,SECURITY 206,22160.75,22382.36,0.0,0.0,0.0,0.0,0.0,0.0,0.0,0.0,0.0,COMMON,EQUITY,STK,Multiple,,2026-03-17,STK,COMMON,22160.75,22160.75,22160.75,22160.75
B,844350,S,,,BR285,354199212,35630639185,000206XX6,CUSIP,US000000206,SECURITY 206,14773.83,14921.57,0.0,0.0,0.0,0.0,0.0,0.0,0.0,0.0,0.0,COMMON,EQUITY,STK,Multiple,,2026-03-17,STK,COMMON,14773.83,14773.83,14773.83,14773.83
A,844350,S,,,BR286,354199217,35630639186,000207XX7,CUSIP,US000000207,SECURITY 207,49366.61,49860.28,0.0,0.0,0.0,0.0,0.0,0.0,0.0,0.0,0.0,COMMON,EQUITY,STK,Multiple,,2026-03-17,STK,COMMON,49366.61,49366.61,49366.61,49366.61
B,844350,B,,,BR287,354199212,35630639187,000207XX7,CUSIP,US000000207,SECURITY 207,29619.97,29916.17,0.0,0.0,0.0,0.0,0.0,0.0,0.0,0.0,0.0,COMMON,EQUITY,STK,Multiple,,2026-03-17,STK,COMMON,29619.97,29619.97,29619.97,29619.97
B,844350,S,,,BR288,354199212,35630639188,000207XX7,CUSIP,US000000207,SECURITY 207,19746.64,19944.11,0.0,0.0,0.0,0.0,0.0,0.0,0.0,0.0,0.0,COMMON,EQUITY,STK,Multiple,,2026-03-17,STK,COMMON,19746.64,19746.64,19746.64,19746.64
A,844350,S,,,BR289,354199217,35630639189,000208XX8,CUSIP,US000000208,SECURITY 208,13936.71,14076.08,0.0,0.0,0.0,0.0,0.0,0.0,0.0,0.0,0.0,COMMON,EQUITY,STK,Multiple,,2026-03-17,STK,COMMON,13936.71,13936.71,13936.71,13936.71
B,844350,B,,,BR290,354199212,35630639190,000208XX8,CUSIP,US000000208,SECURITY 208,8362.03,8445.65,0.0,0.0,0.0,0.0,0.0,0.0,0.0,0.0,0.0,COMMON,EQUITY,STK,Multiple,,2026-03-17,STK,COMMON,8362.03,8362.03,8362.03,8362.03
B,844350,S,,,BR291,354199212,35630639191,000208XX8,CUSIP,US000000208,SECURITY 208,5574.68,5630.43,0.0,0.0,0.0,0.0,0.0,0.0,0.0,0.0,0.0,COMMON,EQUITY,STK,Multiple,,2026-03-17,STK,COMMON,5574.68,5574.68,5574.68,5574.68
A,844350,S,,,BR292,354199217,35630639192,000209XX9,CUSIP,US000000209,SECURITY 209,26104.85,26365.9,0.0,0.0,0.0,0.0,0.0,0.0,0.0,0.0,0.0,COMMON,EQUITY,STK,Multiple,,2026-03-17,STK,COMMON,26104.85,26104.85,26104.85,26104.85
B,844350,B,,,BR293,354199212,35630639193,000209XX9,CUSIP,US000000209,SECURITY 209,15662.91,15819.54,0.0,0.0,0.0,0.0,0.0,0.0,0.0,0.0,0.0,COMMON,EQUITY,STK,Multiple,,2026-03-17,STK,COMMON,15662.91,15662.91,15662.91,15662.91
B,844350,S,,,BR294,354199212,35630639194,000209XX9,CUSIP,US000000209,SECURITY 209,10441.94,10546.36,0.0,0.0,0.0,0.0,0.0,0.0,0.0,0.0,0.0,COMMON,EQUITY,STK,Multiple,,2026-03-17,STK,COMMON,10441.94,10441.94,10441.94,10441.94
A,844350,S,,,BR295,354199217,35630639195,000300XX0,CUSIP,US000000300,SECURITY 300,7446.75,7521.22,0.0,0.0,0.0,0.0,0.0,0.0,0.0,0.0,0.0,COMMON,EQUITY,STK,Single,,2026-03-17,STK,COMMON,7446.75,7446.75,7446.75,7446.75
A,844350,S,,,BR296,354199217,35630639196,000300XX0,CUSIP,US000000300,SECURITY 300,-7446.75,-7521.22,0.0,0.0,0.0,0.0,0.0,0.0,0.0,0.0,0.0,COMMON,EQUITY,STK,Single,,2026-03-17,STK,COMMON,-7446.75,-7446.75,-7446.75,7446.75
A,844350,S,,,BR297,354199217,35630639197,000301XX1,CUSIP,US000000301,SECURITY 301,17371.78,17545.5,0.0,0.0,0.0,0.0,0.0,0.0,0.0,0.0,0.0,COMMON,EQUITY,STK,Single,,2026-03-17,STK,COMMON,17371.78,17371.78,17371.78,17371.78
A,844350,S,,,BR298,354199217,35630639198,000301XX1,CUSIP,US000000301,SECURITY 301,-17371.78,-17545.5,0.0,0.0,0.0,0.0,0.0,0.0,0.0,0.0,0.0,COMMON,EQUITY,STK,Single,,2026-03-17,STK,COMMON,-17371.78,-17371.78,-17371.78,17371.78
A,844350,S,,,BR299,354199217,35630639199,000302XX2,CUSIP,US000000302,SECURITY 302,5724.47,5781.71,0.0,0.0,0.0,0.0,0.0,0.0,0.0,0.0,0.0,COMMON,EQUITY,STK,Single,,2026-03-17,STK,COMMON,5724.47,5724.47,5724.47,5724.47
A,844350,S,,,BR300,354199217,35630639200,000302XX2,CUSIP,US000000302,SECURITY 302,-5724.47,-5781.71,0.0,0.0,0.0,0.0,0.0,0.0,0.0,0.0,0.0,COMMON,EQUITY,STK,Single,,2026-03-17,STK,COMMON,-5724.47,-5724.47,-5724.47,5724.47
A,844350,S,,,BR301,354199217,35630639201,000303XX3,CUSIP,US000000303,SECURITY 303,4613.97,4660.11,0.0,0.0,0.0,0.0,0.0,0.0,0.0,0.0,0.0,COMMON,EQUITY,STK,Single,,2026-03-17,STK,COMMON,4613.97,4613.97,4613.97,4613.97
A,844350,S,,,BR302,354199217,35630639202,000303XX3,CUSIP,US000000303,SECURITY 303,-4613.97,-4660.11,0.0,0.0,0.0,0.0,0.0,0.0,0.0,0.0,0.0,COMMON,EQUITY,STK,Single,,2026-03-17,STK,COMMON,-4613.97,-4613.97,-4613.97,4613.97
A,844350,S,,,BR303,354199217,35630639203,000304XX4,CUSIP,US000000304,SECURITY 304,9523.66,9618.9,0.0,0.0,0.0,0.0,0.0,0.0,0.0,0.0,0.0,COMMON,EQUITY,STK,Single,,2026-03-17,STK,COMMON,9523.66,9523.66,9523.66,9523.66
A,844350,S,,,BR304,354199217,35630639204,000304XX4,CUSIP,US000000304,SECURITY 304,-9523.66,-9618.9,0.0,0.0,0.0,0.0,0.0,0.0,0.0,0.0,0.0,COMMON,EQUITY,STK,Single,,2026-03-17,STK,COMMON,-9523.66,-9523.66,-9523.66,9523.66
A,844350,S,,,BR305,354199217,35630639205,000305XX5,CUSIP,US000000305,SECURITY 305,9015.75,9105.91,0.0,0.0,0.0,0.0,0.0,0.0,0.0,0.0,0.0,COMMON,EQUITY,STK,Single,,2026-03-17,STK,COMMON,9015.75,9015.75,9015.75,9015.75
A,844350,S,,,BR306,354199217,35630639206,000305XX5,CUSIP,US000000305,SECURITY 305,-9015.75,-9105.91,0.0,0.0,0.0,0.0,0.0,0.0,0.0,0.0,0.0,COMMON,EQUITY,STK,Single,,2026-03-17,STK,COMMON,-9015.75,-9015.75,-9015.75,9015.75
A,844350,S,,,BR307,354199217,35630639207,000400XX0,CUSIP,US000000400,SECURITY 400,14648.71,14795.2,0.0,0.0,0.0,0.0,0.0,0.0,0.0,0.0,0.0,COMMON,EQUITY,STK,Single,,2026-03-17,STK,COMMON,14648.71,14648.71,14648.71,14648.71
A,844350,S,,,BR308,354199217,35630639208,000401XX1,CUSIP,US000000401,SECURITY 401,13240.52,13372.93,0.0,0.0,0.0,0.0,0.0,0.0,0.0,0.0,0.0,COMMON,EQUITY,STK,Single,,2026-03-17,STK,COMMON,13240.52,13240.52,13240.52,13240.52
A,844350,S,,,BR309,354199217,35630639209,000402XX2,CUSIP,US000000402,SECURITY 402,46240.01,46702.41,0.0,0.0,0.0,0.0,0.0,0.0,0.0,0.0,0.0,COMMON,EQUITY,STK,Single,,2026-03-17,STK,COMMON,46240.01,46240.01,46240.01,46240.01
A,844350,S,,,BR310,354199217,35630639210,000403XX3,CUSIP,US000000403,SECURITY 403,22713.41,22940.54,0.0,0.0,0.0,0.0,0.0,0.0,0.0,0.0,0.0,COMMON,EQUITY,STK,Single,,2026-03-17,STK,COMMON,22713.41,22713.41,22713.41,22713.41
A,844350,S,,,BR311,354199217,35630639211,000404XX4,CUSIP,US000000404,SECURITY 404,43206.11,43638.17,0.0,0.0,0.0,0.0,0.0,0.0,0.0,0.0,0.0,COMMON,EQUITY,STK,Single,,2026-03-17,STK,COMMON,43206.11,43206.11,43206.11,43206.11
A,844350,S,,,BR312,354199217,35630639212,000405XX5,CUSIP,US000000405,SECURITY 405,27965.94,28245.6,0.0,0.0,0.0,0.0,0.0,0.0,0.0,0.0,0.0,COMMON,EQUITY,STK,Single,,2026-03-17,STK,COMMON,27965.94,27965.94,27965.94,27965.94
A,844350,S,,,BR313,354199217,35630639213,000406XX6,CUSIP,US000000406,SECURITY 406,3478.83,3513.62,0.0,0.0,0.0,0.0,0.0,0.0,0.0,0.0,0.0,COMMON,EQUITY,STK,Single,,2026-03-17,STK,COMMON,3478.83,3478.83,3478.83,3478.83
A,844350,S,,,BR314,354199217,35630639214,000407XX7,CUSIP,US000000407,SECURITY 407,49964.84,50464.49,0.0,0.0,0.0,0.0,0.0,0.0,0.0,0.0,0.0,COMMON,EQUITY,STK,Single,,2026-03-17,STK,COMMON,49964.84,49964.84,49964.84,49964.84
A,844350,S,,,BR315,354199217,35630639215,000408XX8,CUSIP,US000000408,SECURITY 408,41965.35,42385.0,0.0,0.0,0.0,0.0,0.0,0.0,0.0,0.0,0.0,COMMON,EQUITY,STK,Single,,2026-03-17,STK,COMMON,41965.35,41965.35,41965.35,41965.35
A,844350,S,,,BR316,354199217,35630639216,000409XX9,CUSIP,US000000409,SECURITY 409,48480.82,48965.63,0.0,0.0,0.0,0.0,0.0,0.0,0.0,0.0,0.0,COMMON,EQUITY,STK,Single,,2026-03-17,STK,COMMON,48480.82,48480.82,48480.82,48480.82
A,844350,S,,,BR317,354199217,35630639217,000410XX0,CUSIP,US000000410,SECURITY 410,46391.98,46855.9,0.0,0.0,0.0,0.0,0.0,0.0,0.0,0.0,0.0,COMMON,EQUITY,STK,Single,,2026-03-17,STK,COMMON,46391.98,46391.98,46391.98,46391.98
A,844350,S,,,BR318,354199217,35630639218,000411XX1,CUSIP,US000000411,SECURITY 411,42586.09,43011.95,0.0,0.0,0.0,0.0,0.0,0.0,0.0,0.0,0.0,COMMON,EQUITY,STK,Single,,2026-03-17,STK,COMMON,42586.09,42586.09,42586.09,42586.09
A,844350,S,,,BR319,354199217,35630639219,000412XX2,CUSIP,US000000412,SECURITY 412,9149.24,9240.73,0.0,0.0,0.0,0.0,0.0,0.0,0.0,0.0,0.0,COMMON,EQUITY,STK,Single,,2026-03-17,STK,COMMON,9149.24,9149.24,9149.24,9149.24
A,844350,S,,,BR320,354199217,35630639220,000413XX3,CUSIP,US000000413,SECURITY 413,24796.42,25044.38,0.0,0.0,0.0,0.0,0.0,0.0,0.0,0.0,0.0,COMMON,EQUITY,STK,Single,,2026-03-17,STK,COMMON,24796.42,24796.42,24796.42,24796.42
A,844350,S,,,BR321,354199217,35630639221,000414XX4,CUSIP,US000000414,SECURITY 414,11473.62,11588.36,0.0,0.0,0.0,0.0,0.0,0.0,0.0,0.0,0.0,COMMON,EQUITY,STK,Single,,2026-03-17,STK,COMMON,11473.62,11473.62,11473.62,11473.62
A,844350,S,,,BR322,354199217,35630639222,000415XX5,CUSIP,US000000415,SECURITY 415,20650.97,20857.48,0.0,0.0,0.0,0.0,0.0,0.0,0.0,0.0,0.0,COMMON,EQUITY,STK,Single,,2026-03-17,STK,COMMON,20650.97,20650.97,20650.97,20650.97
A,844350,S,,,BR323,354199217,35630639223,000416XX6,CUSIP,US000000416,SECURITY 416,3873.13,3911.86,0.0,0.0,0.0,0.0,0.0,0.0,0.0,0.0,0.0,COMMON,EQUITY,STK,Single,,2026-03-17,STK,COMMON,3873.13,3873.13,3873.13,3873.13
A,844350,S,,,BR324,354199217,35630639224,000417XX7,CUSIP,US000000417,SECURITY 417,19569.68,19765.38,0.0,0.0,0.0,0.0,0.0,0.0,0.0,0.0,0.0,COMMON,EQUITY,STK,Single,,2026-03-17,STK,COMMON,19569.68,19569.68,19569.68,19569.68
A,844350,S,,,BR325,354199217,35630639225,000418XX8,CUSIP,US000000418,SECURITY 418,49280.13,49772.93,0.0,0.0,0.0,0.0,0.0,0.0,0.0,0.0,0.0,COMMON,EQUITY,STK,Single,,2026-03-17,STK,COMMON,49280.13,49280.13,49280.13,49280.13
A,844350,S,,,BR326,354199217,35630639226,000419XX9,CUSIP,US000000419,SECURITY 419,13994.95,14134.9,0.0,0.0,0.0,0.0,0.0,0.0,0.0,0.0,0.0,COMMON,EQUITY,STK,Single,,2026-03-17,STK,COMMON,13994.95,13994.95,13994.95,13994.95
A,844350,S,,,BR327,354199217,35630639227,000420XX0,CUSIP,US000000420,SECURITY 420,39419.46,39813.65,0.0,0.0,0.0,0.0,0.0,0.0,0.0,0.0,0.0,COMMON,EQUITY,STK,Single,,2026-03-17,STK,COMMON,39419.46,39419.46,39419.46,39419.46
A,844350,S,,,BR328,354199217,35630639228,000421XX1,CUSIP,US000000421,SECURITY 421,23295.41,23528.36,0.0,0.0,0.0,0.0,0.0,0.0,0.0,0.0,0.0,COMMON,EQUITY,STK,Single,,2026-03-17,STK,COMMON,23295.41,23295.41,23295.41,23295.41
A,844350,S,,,BR329,354199217,35630639229,000422XX2,CUSIP,US000000422,SECURITY 422,21727.37,21944.64,0.0,0.0,0.0,0.0,0.0,0.0,0.0,0.0,0.0,COMMON,EQUITY,STK,Single,,2026-03-17,STK,COMMON,21727.37,21727.37,21727.37,21727.37
A,844350,S,,,BR330,354199217,35630639230,000423XX3,CUSIP,US000000423,SECURITY 423,47908.56,48387.65,0.0,0.0,0.0,0.0,0.0,0.0,0.0,0.0,0.0,COMMON,EQUITY,STK,Single,,2026-03-17,STK,COMMON,47908.56,47908.56,47908.56,47908.56
A,844350,S,,,BR331,354199217,35630639231,000424XX4,CUSIP,US000000424,SECURITY 424,49775.71,50273.47,0.0,0.0,0.0,0.0,0.0,0.0,0.0,0.0,0.0,COMMON,EQUITY,STK,Single,,2026-03-17,STK,COMMON,49775.71,49775.71,49775.71,49775.71
A,844350,S,,,BR332,354199217,35630639232,000425XX5,CUSIP,US000000425,SECURITY 425,28232.65,28514.98,0.0,0.0,0.0,0.0,0.0,0.0,0.0,0.0,0.0,COMMON,EQUITY,STK,Single,,2026-03-17,STK,COMMON,28232.65,28232.65,28232.65,28232.65
A,844350,S,,,BR333,354199217,35630639233,000426XX6,CUSIP,US000000426,SECURITY 426,36202.01,36564.03,0.0,0.0,0.0,0.0,0.0,0.0,0.0,0.0,0.0,COMMON,EQUITY,STK,Single,,2026-03-17,STK,COMMON,36202.01,36202.01,36202.01,36202.01
A,844350,S,,,BR334,354199217,35630639234,000427XX7,CUSIP,US000000427,SECURITY 427,8585.04,8670.89,0.0,0.0,0.0,0.0,0.0,0.0,0.0,0.0,0.0,COMMON,EQUITY,STK,Single,,2026-03-17,STK,COMMON,8585.04,8585.04,8585.04,8585.04
A,844350,S,,,BR335,354199217,35630639235,000428XX8,CUSIP,US000000428,SECURITY 428,15538.68,15694.07,0.0,0.0,0.0,0.0,0.0,0.0,0.0,0.0,0.0,COMMON,EQUITY,STK,Single,,2026-03-17,STK,COMMON,15538.68,15538.68,15538.68,15538.68
A,844350,S,,,BR336,354199217,35630639236,000429XX9,CUSIP,US000000429,SECURITY 429,48466.76,48951.43,0.0,0.0,0.0,0.0,0.0,0.0,0.0,0.0,0.0,COMMON,EQUITY,STK,Single,,2026-03-17,STK,COMMON,48466.76,48466.76,48466.76,48466.76
A,844350,S,,,BR337,354199217,35630639237,000430XX0,CUSIP,US000000430,SECURITY 430,29379.83,29673.63,0.0,0.0,0.0,0.0,0.0,0.0,0.0,0.0,0.0,COMMON,EQUITY,STK,Single,,2026-03-17,STK,COMMON,29379.83,29379.83,29379.83,29379.83
A,844350,S,,,BR338,354199217,35630639238,000431XX1,CUSIP,US000000431,SECURITY 431,27567.56,27843.24,0.0,0.0,0.0,0.0,0.0,0.0,0.0,0.0,0.0,COMMON,EQUITY,STK,Single,,2026-03-17,STK,COMMON,27567.56,27567.56,27567.56,27567.56
A,844350,S,,,BR339,354199217,35630639239,000432XX2,CUSIP,US000000432,SECURITY 432,37650.8,38027.31,0.0,0.0,0.0,0.0,0.0,0.0,0.0,0.0,0.0,COMMON,EQUITY,STK,Single,,2026-03-17,STK,COMMON,37650.8,37650.8,37650.8,37650.8
A,844350,S,,,BR340,354199217,35630639240,000433XX3,CUSIP,US000000433,SECURITY 433,3801.1,3839.11,0.0,0.0,0.0,0.0,0.0,0.0,0.0,0.0,0.0,COMMON,EQUITY,STK,Single,,2026-03-17,STK,COMMON,3801.1,3801.1,3801.1,3801.1
A,844350,S,,,BR341,354199217,35630639241,000434XX4,CUSIP,US000000434,SECURITY 434,29624.7,29920.95,0.0,0.0,0.0,0.0,0.0,0.0,0.0,0.0,0.0,COMMON,EQUITY,STK,Single,,2026-03-17,STK,COMMON,29624.7,29624.7,29624.7,29624.7
A,844350,S,,,BR342,354199217,35630639242,000435XX5,CUSIP,US000000435,SECURITY 435,25639.67,25896.07,0.0,0.0,0.0,0.0,0.0,0.0,0.0,0.0,0.0,COMMON,EQUITY,STK,Single,,2026-03-17,STK,COMMON,25639.67,25639.67,25639.67,25639.67
A,844350,S,,,BR343,354199217,35630639243,000436XX6,CUSIP,US000000436,SECURITY 436,42783.27,43211.1,0.0,0.0,0.0,0.0,0.0,0.0,0.0,0.0,0.0,COMMON,EQUITY,STK,Single,,2026-03-17,STK,COMMON,42783.27,42783.27,42783.27,42783.27
A,844350,S,,,BR344,354199217,35630639244,000437XX7,CUSIP,US000000437,SECURITY 437,8714.2,8801.34,0.0,0.0,0.0,0.0,0.0,0.0,0.0,0.0,0.0,COMMON,EQUITY,STK,Single,,2026-03-17,STK,COMMON,8714.2,8714.2,8714.2,8714.2
A,844350,S,,,BR345,354199217,35630639245,000438XX8,CUSIP,US000000438,SECURITY 438,48078.17,48558.95,0.0,0.0,0.0,0.0,0.0,0.0,0.0,0.0,0.0,COMMON,EQUITY,STK,Single,,2026-03-17,STK,COMMON,48078.17,48078.17,48078.17,48078.17
A,844350,S,,,BR346,354199217,35630639246,000439XX9,CUSIP,US000000439,SECURITY 439,4925.46,4974.71,0.0,0.0,0.0,0.0,0.0,0.0,0.0,0.0,0.0,COMMON,EQUITY,STK,Single,,2026-03-17,STK,COMMON,4925.46,4925.46,4925.46,4925.46
A,844350,S,,,BR347,354199217,35630639247,000440XX0,CUSIP,US000000440,SECURITY 440,10105.42,10206.47,0.0,0.0,0.0,0.0,0.0,0.0,0.0,0.0,0.0,COMMON,EQUITY,STK,Single,,2026-03-17,STK,COMMON,10105.42,10105.42,10105.42,10105.42
A,844350,S,,,BR348,354199217,35630639248,000441XX1,CUSIP,US000000441,SECURITY 441,30156.72,30458.29,0.0,0.0,0.0,0.0,0.0,0.0,0.0,0.0,0.0,COMMON,EQUITY,STK,Single,,2026-03-17,STK,COMMON,30156.72,30156.72,30156.72,30156.72
A,844350,S,,,BR349,354199217,35630639249,000442XX2,CUSIP,US000000442,SECURITY 442,34085.42,34426.27,0.0,0.0,0.0,0.0,0.0,0.0,0.0,0.0,0.0,COMMON,EQUITY,STK,Single,,2026-03-17,STK,COMMON,34085.42,34085.42,34085.42,34085.42
A,844350,S,,,BR350,354199217,35630639250,000443XX3,CUSIP,US000000443,SECURITY 443,12524.99,12650.24,0.0,0.0,0.0,0.0,0.0,0.0,0.0,0.0,0.0,COMMON,EQUITY,STK,Single,,2026-03-17,STK,COMMON,12524.99,12524.99,12524.99,12524.99
A,844350,S,,,BR351,354199217,35630639251,000444XX4,CUSIP,US000000444,SECURITY 444,6874.44,6943.18,0.0,0.0,0.0,0.0,0.0,0.0,0.0,0.0,0.0,COMMON,EQUITY,STK,Single,,2026-03-17,STK,COMMON,6874.44,6874.44,6874.44,6874.44
A,844350,S,,,BR352,354199217,35630639252,000445XX5,CUSIP,US000000445,SECURITY 445,44624.08,45070.32,0.0,0.0,0.0,0.0,0.0,0.0,0.0,0.0,0.0,COMMON,EQUITY,STK,Single,,2026-03-17,STK,COMMON,44624.08,44624.08,44624.08,44624.08
A,844350,S,,,BR353,354199217,35630639253,000446XX6,CUSIP,US000000446,SECURITY 446,13064.55,13195.2,0.0,0.0,0.0,0.0,0.0,0.0,0.0,0.0,0.0,COMMON,EQUITY,STK,Single,,2026-03-17,STK,COMMON,13064.55,13064.55,13064.55,13064.55
A,844350,S,,,BR354,354199217,35630639254,000447XX7,CUSIP,US000000447,SECURITY 447,30131.44,30432.75,0.0,0.0,0.0,0.0,0.0,0.0,0.0,0.0,0.0,COMMON,EQUITY,STK,Single,,2026-03-17,STK,COMMON,30131.44,30131.44,30131.44,30131.44
A,844350,S,,,BR355,354199217,35630639255,000448XX8,CUSIP,US000000448,SECURITY 448,31349.69,31663.19,0.0,0.0,0.0,0.0,0.0,0.0,0.0,0.0,0.0,COMMON,EQUITY,STK,Single,,2026-03-17,STK,COMMON,31349.69,31349.69,31349.69,31349.69
A,844350,S,,,BR356,354199217,35630639256,000449XX9,CUSIP,US000000449,SECURITY 449,21542.02,21757.44,0.0,0.0,0.0,0.0,0.0,0.0,0.0,0.0,0.0,COMMON,EQUITY,STK,Single,,2026-03-17,STK,COMMON,21542.02,21542.02,21542.02,21542.02
A,844350,S,,,BR357,354199217,35630639257,000450XX0,CUSIP,US000000450,SECURITY 450,29599.94,29895.94,0.0,0.0,0.0,0.0,0.0,0.0,0.0,0.0,0.0,COMMON,EQUITY,STK,Single,,2026-03-17,STK,COMMON,29599.94,29599.94,29599.94,29599.94
A,844350,S,,,BR358,354199217,35630639258,000451XX1,CUSIP,US000000451,SECURITY 451,26616.35,26882.51,0.0,0.0,0.0,0.0,0.0,0.0,0.0,0.0,0.0,COMMON,EQUITY,STK,Single,,2026-03-17,STK,COMMON,26616.35,26616.35,26616.35,26616.35
A,844350,S,,,BR359,354199217,35630639259,000452XX2,CUSIP,US000000452,SECURITY 452,46800.61,47268.62,0.0,0.0,0.0,0.0,0.0,0.0,0.0,0.0,0.0,COMMON,EQUITY,STK,Single,,2026-03-17,STK,COMMON,46800.61,46800.61,46800.61,46800.61
B,844350,S,,,BR360,354199212,35630639260,000500XX0,CUSIP,US000000500,SECURITY 500,11008.7,11118.79,0.0,0.0,0.0,0.0,0.0,0.0,0.0,0.0,0.0,COMMON,EQUITY,STK,Single,,2026-03-17,STK,COMMON,11008.7,11008.7,11008.7,11008.7
B,844350,S,,,BR361,354199212,35630639261,000501XX1,CUSIP,US000000501,SECURITY 501,36093.4,36454.33,0.0,0.0,0.0,0.0,0.0,0.0,0.0,0.0,0.0,COMMON,EQUITY,STK,Single,,2026-03-17,STK,COMMON,36093.4,36093.4,36093.4,36093.4
B,844350,S,,,BR362,354199212,35630639262,000502XX2,CUSIP,US000000502,SECURITY 502,12695.61,12822.57,0.0,0.0,0.0,0.0,0.0,0.0,0.0,0.0,0.0,COMMON,EQUITY,STK,Single,,2026-03-17,STK,COMMON,12695.61,12695.61,12695.61,12695.61
B,844350,S,,,BR363,354199212,35630639263,000503XX3,CUSIP,US000000503,SECURITY 503,20393.51,20597.45,0.0,0.0,0.0,0.0,0.0,0.0,0.0,0.0,0.0,COMMON,EQUITY,STK,Single,,2026-03-17,STK,COMMON,20393.51,20393.51,20393.51,20393.51
B,844350,S,,,BR364,354199212,35630639264,000504XX4,CUSIP,US000000504,SECURITY 504,33912.82,34251.95,0.0,0.0,0.0,0.0,0.0,0.0,0.0,0.0,0.0,COMMON,EQUITY,STK,Single,,2026-03-17,STK,COMMON,33912.82,33912.82,33912.82,33912.82
B,844350,S,,,BR365,354199212,35630639265,000505XX5,CUSIP,US000000505,SECURITY 505,15699.86,15856.86,0.0,0.0,0.0,0.0,0.0,0.0,0.0,0.0,0.0,COMMON,EQUITY,STK,Single,,2026-03-17,STK,COMMON,15699.86,15699.86,15699.86,15699.86
B,844350,S,,,BR366,354199212,35630639266,000506XX6,CUSIP,US000000506,SECURITY 506,16492.68,16657.61,0.0,0.0,0.0,0.0,0.0,0.0,0.0,0.0,0.0,COMMON,EQUITY,STK,Single,,2026-03-17,STK,COMMON,16492.68,16492.68,16492.68,16492.68
B,844350,S,,,BR367,354199212,35630639267,000507XX7,CUSIP,US000000507,SECURITY 507,37841.36,38219.77,0.0,0.0,0.0,0.0,0.0,0.0,0.0,0.0,0.0,COMMON,EQUITY,STK,Single,,2026-03-17,STK,COMMON,37841.36,37841.36,37841.36,37841.36
B,844350,S,,,BR368,354199212,35630639268,000508XX8,CUSIP,US000000508,SECURITY 508,4554.61,4600.16,0.0,0.0,0.0,0.0,0.0,0.0,0.0,0.0,0.0,COMMON,EQUITY,STK,Single,,2026-03-17,STK,COMMON,4554.61,4554.61,4554.61,4554.61
B,844350,S,,,BR369,354199212,35630639269,000509XX9,CUSIP,US000000509,SECURITY 509,23455.99,23690.55,0.0,0.0,0.0,0.0,0.0,0.0,0.0,0.0,0.0,COMMON,EQUITY,STK,Single,,2026-03-17,STK,COMMON,23455.99,23455.99,23455.99,23455.99
B,844350,S,,,BR370,354199212,35630639270,000510XX0,CUSIP,US000000510,SECURITY 510,49924.27,50423.51,0.0,0.0,0.0,0.0,0.0,0.0,0.0,0.0,0.0,COMMON,EQUITY,STK,Single,,2026-03-17,STK,COMMON,49924.27,49924.27,49924.27,49924.27
B,844350,S,,,BR371,354199212,35630639271,000511XX1,CUSIP,US000000511,SECURITY 511,49808.73,50306.82,0.0,0.0,0.0,0.0,0.0,0.0,0.0,0.0,0.0,COMMON,EQUITY,STK,Single,,2026-03-17,STK,COMMON,49808.73,49808.73,49808.73,49808.73
B,844350,S,,,BR372,354199212,35630639272,000512XX2,CUSIP,US000000512,SECURITY 512,4589.78,4635.68,0.0,0.0,0.0,0.0,0.0,0.0,0.0,0.0,0.0,COMMON,EQUITY,STK,Single,,2026-03-17,STK,COMMON,4589.78,4589.78,4589.78,4589.78
B,844350,S,,,BR373,354199212,35630639273,000513XX3,CUSIP,US000000513,SECURITY 513,11444.56,11559.01,0.0,0.0,0.0,0.0,0.0,0.0,0.0,0.0,0.0,COMMON,EQUITY,STK,Single,,2026-03-17,STK,COMMON,11444.56,11444.56,11444.56,11444.56
B,844350,S,,,BR374,354199212,35630639274,000514XX4,CUSIP,US000000514,SECURITY 514,13994.82,14134.77,0.0,0.0,0.0,0.0,0.0,0.0,0.0,0.0,0.0,COMMON,EQUITY,STK,Single,,2026-03-17,STK,COMMON,13994.82,13994.82,13994.82,13994.82
B,844350,S,,,BR375,354199212,35630639275,000515XX5,CUSIP,US000000515,SECURITY 515,46729.71,47197.01,0.0,0.0,0.0,0.0,0.0,0.0,0.0,0.0,0.0,COMMON,EQUITY,STK,Single,,2026-03-17,STK,COMMON,46729.71,46729.71,46729.71,46729.71
B,844350,S,,,BR376,354199212,35630639276,000516XX6,CUSIP,US000000516,SECURITY 516,44162.34,44603.96,0.0,0.0,0.0,0.0,0.0,0.0,0.0,0.0,0.0,COMMON,EQUITY,STK,Single,,2026-03-17,STK,COMMON,44162.34,44162.34,44162.34,44162.34
B,844350,S,,,BR377,354199212,35630639277,000517XX7,CUSIP,US000000517,SECURITY 517,44084.24,44525.08,0.0,0.0,0.0,0.0,0.0,0.0,0.0,0.0,0.0,COMMON,EQUITY,STK,Single,,2026-03-17,STK,COMMON,44084.24,44084.24,44084.24,44084.24
B,844350,S,,,BR378,354199212,35630639278,000518XX8,CUSIP,US000000518,SECURITY 518,19106.83,19297.9,0.0,0.0,0.0,0.0,0.0,0.0,0.0,0.0,0.0,COMMON,EQUITY,STK,Single,,2026-03-17,STK,COMMON,19106.83,19106.83,19106.83,19106.83
B,844350,S,,,BR379,354199212,35630639279,000519XX9,CUSIP,US000000519,SECURITY 519,8729.59,8816.89,0.0,0.0,0.0,0.0,0.0,0.0,0.0,0.0,0.0,COMMON,EQUITY,STK,Single,,2026-03-17,STK,COMMON,8729.59,8729.59,8729.59,8729.59
B,844350,S,,,BR380,354199212,35630639280,000520XX0,CUSIP,US000000520,SECURITY 520,41853.5,42272.04,0.0,0.0,0.0,0.0,0.0,0.0,0.0,0.0,0.0,COMMON,EQUITY,STK,Single,,2026-03-17,STK,COMMON,41853.5,41853.5,41853.5,41853.5
B,844350,S,,,BR381,354199212,35630639281,000521XX1,CUSIP,US000000521,SECURITY 521,35473.46,35828.19,0.0,0.0,0.0,0.0,0.0,0.0,0.0,0.0,0.0,COMMON,EQUITY,STK,Single,,2026-03-17,STK,COMMON,35473.46,35473.46,35473.46,35473.46
B,844350,S,,,BR382,354199212,35630639282,000522XX2,CUSIP,US000000522,SECURITY 522,30972.21,31281.93,0.0,0.0,0.0,0.0,0.0,0.0,0.0,0.0,0.0,COMMON,EQUITY,STK,Single,,2026-03-17,STK,COMMON,30972.21,30972.21,30972.21,30972.21
B,844350,S,,,BR383,354199212,35630639283,000523XX3,CUSIP,US000000523,SECURITY 523,49374.42,49868.16,0.0,0.0,0.0,0.0,0.0,0.0,0.0,0.0,0.0,COMMON,EQUITY,STK,Single,,2026-03-17,STK,COMMON,49374.42,49374.42,49374.42,49374.42
B,844350,S,,,BR384,354199212,35630639284,000524XX4,CUSIP,US000000524,SECURITY 524,33044.84,33375.29,0.0,0.0,0.0,0.0,0.0,0.0,0.0,0.0,0.0,COMMON,EQUITY,STK,Single,,2026-03-17,STK,COMMON,33044.84,33044.84,33044.84,33044.84
B,844350,S,,,BR385,354199212,35630639285,000525XX5,CUSIP,US000000525,SECURITY 525,1383.33,1397.16,0.0,0.0,0.0,0.0,0.0,0.0,0.0,0.0,0.0,COMMON,EQUITY,STK,Single,,2026-03-17,STK,COMMON,1383.33,1383.33,1383.33,1383.33
B,844350,S,,,BR386,354199212,35630639286,000526XX6,CUSIP,US000000526,SECURITY 526,41038.1,41448.48,0.0,0.0,0.0,0.0,0.0,0.0,0.0,0.0,0.0,COMMON,EQUITY,STK,Single,,2026-03-17,STK,COMMON,41038.1,41038.1,41038.1,41038.1
B,844350,S,,,BR387,354199212,35630639287,000527XX7,CUSIP,US000000527,SECURITY 527,15669.56,15826.26,0.0,0.0,0.0,0.0,0.0,0.0,0.0,0.0,0.0,COMMON,EQUITY,STK,Single,,2026-03-17,STK,COMMON,15669.56,15669.56,15669.56,15669.56
B,844350,S,,,BR388,354199212,35630639288,000528XX8,CUSIP,US000000528,SECURITY 528,33506.05,33841.11,0.0,0.0,0.0,0.0,0.0,0.0,0.0,0.0,0.0,COMMON,EQUITY,STK,Single,,2026-03-17,STK,COMMON,33506.05,33506.05,33506.05,33506.05
B,844350,S,,,BR389,354199212,35630639289,000529XX9,CUSIP,US000000529,SECURITY 529,47007.57,47477.65,0.0,0.0,0.0,0.0,0.0,0.0,0.0,0.0,0.0,COMMON,EQUITY,STK,Single,,2026-03-17,STK,COMMON,47007.57,47007.57,47007.57,47007.57
B,844350,S,,,BR390,354199212,35630639290,000530XX0,CUSIP,US000000530,SECURITY 530,7580.26,7656.06,0.0,0.0,0.0,0.0,0.0,0.0,0.0,0.0,0.0,COMMON,EQUITY,STK,Single,,2026-03-17,STK,COMMON,7580.26,7580.26,7580.26,7580.26
B,844350,S,,,BR391,354199212,35630639291,000531XX1,CUSIP,US000000531,SECURITY 531,6656.0,6722.56,0.0,0.0,0.0,0.0,0.0,0.0,0.0,0.0,0.0,COMMON,EQUITY,STK,Single,,2026-03-17,STK,COMMON,6656.0,6656.0,6656.0,6656.0
B,844350,S,,,BR392,354199212,35630639292,000532XX2,CUSIP,US000000532,SECURITY 532,6244.76,6307.21,0.0,0.0,0.0,0.0,0.0,0.0,0.0,0.0,0.0,COMMON,EQUITY,STK,Single,,2026-03-17,STK,COMMON,6244.76,6244.76,6244.76,6244.76
B,844350,S,,,BR393,354199212,35630639293,000533XX3,CUSIP,US000000533,SECURITY 533,28107.96,28389.04,0.0,0.0,0.0,0.0,0.0,0.0,0.0,0.0,0.0,COMMON,EQUITY,STK,Single,,2026-03-17,STK,COMMON,28107.96,28107.96,28107.96,28107.96
B,844350,S,,,BR394,354199212,35630639294,000534XX4,CUSIP,US000000534,SECURITY 534,14345.06,14488.51,0.0,0.0,0.0,0.0,0.0,0.0,0.0,0.0,0.0,COMMON,EQUITY,STK,Single,,2026-03-17,STK,COMMON,14345.06,14345.06,14345.06,14345.06
B,844350,S,,,BR395,354199212,35630639295,000535XX5,CUSIP,US000000535,SECURITY 535,30636.66,30943.03,0.0,0.0,0.0,0.0,0.0,0.0,0.0,0.0,0.0,COMMON,EQUITY,STK,Single,,2026-03-17,STK,COMMON,30636.66,30636.66,30636.66,30636.66
B,844350,S,,,BR396,354199212,35630639296,000536XX6,CUSIP,US000000536,SECURITY 536,36163.0,36524.63,0.0,0.0,0.0,0.0,0.0,0.0,0.0,0.0,0.0,COMMON,EQUITY,STK,Single,,2026-03-17,STK,COMMON,36163.0,36163.0,36163.0,36163.0
B,844350,S,,,BR397,354199212,35630639297,000537XX7,CUSIP,US000000537,SECURITY 537,10976.27,11086.03,0.0,0.0,0.0,0.0,0.0,0.0,0.0,0.0,0.0,COMMON,EQUITY,STK,Single,,2026-03-17,STK,COMMON,10976.27,10976.27,10976.27,10976.27
B,844350,S,,,BR398,354199212,35630639298,000538XX8,CUSIP,US000000538,SECURITY 538,32077.66,32398.44,0.0,0.0,0.0,0.0,0.0,0.0,0.0,0.0,0.0,COMMON,EQUITY,STK,Single,,2026-03-17,STK,COMMON,32077.66,32077.66,32077.66,32077.66
B,844350,S,,,BR399,354199212,35630639299,000539XX9,CUSIP,US000000539,SECURITY 539,13935.21,14074.56,0.0,0.0,0.0,0.0,0.0,0.0,0.0,0.0,0.0,COMMON,EQUITY,STK,Single,,2026-03-17,STK,COMMON,13935.21,13935.21,13935.21,13935.21
B,844350,S,,,BR400,354199212,35630639300,000540XX0,CUSIP,US000000540,SECURITY 540,24938.06,25187.44,0.0,0.0,0.0,0.0,0.0,0.0,0.0,0.0,0.0,COMMON,EQUITY,STK,Single,,2026-03-17,STK,COMMON,24938.06,24938.06,24938.06,24938.06
B,844350,S,,,BR401,354199212,35630639301,000541XX1,CUSIP,US000000541,SECURITY 541,45361.49,45815.1,0.0,0.0,0.0,0.0,0.0,0.0,0.0,0.0,0.0,COMMON,EQUITY,STK,Single,,2026-03-17,STK,COMMON,45361.49,45361.49,45361.49,45361.49
B,844350,S,,,BR402,354199212,35630639302,000542XX2,CUSIP,US000000542,SECURITY 542,42459.08,42883.67,0.0,0.0,0.0,0.0,0.0,0.0,0.0,0.0,0.0,COMMON,EQUITY,STK,Single,,2026-03-17,STK,COMMON,42459.08,42459.08,42459.08,42459.08
B,844350,S,,,BR403,354199212,35630639303,000543XX3,CUSIP,US000000543,SECURITY 543,5522.62,5577.85,0.0,0.0,0.0,0.0,0.0,0.0,0.0,0.0,0.0,COMMON,EQUITY,STK,Single,,2026-03-17,STK,COMMON,5522.62,5522.62,5522.62,5522.62
B,844350,S,,,BR404,354199212,35630639304,000544XX4,CUSIP,US000000544,SECURITY 544,21755.21,21972.76,0.0,0.0,0.0,0.0,0.0,0.0,0.0,0.0,0.0,COMMON,EQUITY,STK,Single,,2026-03-17,STK,COMMON,21755.21,21755.21,21755.21,21755.21
B,844350,S,,,BR405,354199212,35630639305,000545XX5,CUSIP,US000000545,SECURITY 545,14557.33,14702.9,0.0,0.0,0.0,0.0,0.0,0.0,0.0,0.0,0.0,COMMON,EQUITY,STK,Single,,2026-03-17,STK,COMMON,14557.33,14557.33,14557.33,14557.33
B,844350,S,,,BR406,354199212,35630639306,000546XX6,CUSIP,US000000546,SECURITY 546,1173.74,1185.48,0.0,0.0,0.0,0.0,0.0,0.0,0.0,0.0,0.0,COMMON,EQUITY,STK,Single,,2026-03-17,STK,COMMON,1173.74,1173.74,1173.74,1173.74
B,844350,S,,,BR407,354199212,35630639307,000547XX7,CUSIP,US000000547,SECURITY 547,38784.84,39172.69,0.0,0.0,0.0,0.0,0.0,0.0,0.0,0.0,0.0,COMMON,EQUITY,STK,Single,,2026-03-17,STK,COMMON,38784.84,38784.84,38784.84,38784.84
B,844350,S,,,BR408,354199212,35630639308,000548XX8,CUSIP,US000000548,SECURITY 548,32218.56,32540.75,0.0,0.0,0.0,0.0,0.0,0.0,0.0,0.0,0.0,COMMON,EQUITY,STK,Single,,2026-03-17,STK,COMMON,32218.56,32218.56,32218.56,32218.56
B,844350,S,,,BR409,354199212,35630639309,000549XX9,CUSIP,US000000549,SECURITY 549,13835.81,13974.17,0.0,0.0,0.0,0.0,0.0,0.0,0.0,0.0,0.0,COMMON,EQUITY,STK,Single,,2026-03-17,STK,COMMON,13835.81,13835.81,13835.81,13835.81
B,844350,S,,,BR410,354199212,35630639310,000550XX0,CUSIP,US000000550,SECURITY 550,37320.31,37693.51,0.0,0.0,0.0,0.0,0.0,0.0,0.0,0.0,0.0,COMMON,EQUITY,STK,Single,,2026-03-17,STK,COMMON,37320.31,37320.31,37320.31,37320.31
B,844350,S,,,BR411,354199212,35630639311,000551XX1,CUSIP,US000000551,SECURITY 551,28032.34,28312.66,0.0,0.0,0.0,0.0,0.0,0.0,0.0,0.0,0.0,COMMON,EQUITY,STK,Single,,2026-03-17,STK,COMMON,28032.34,28032.34,28032.34,28032.34
B,844350,S,,,BR412,354199212,35630639312,000552XX2,CUSIP,US000000552,SECURITY 552,21956.66,22176.23,0.0,0.0,0.0,0.0,0.0,0.0,0.0,0.0,0.0,COMMON,EQUITY,STK,Single,,2026-03-17,STK,COMMON,21956.66,21956.66,21956.66,21956.66
B,844350,S,,,BR413,354199212,35630639313,000553XX3,CUSIP,US000000553,SECURITY 553,1473.82,1488.56,0.0,0.0,0.0,0.0,0.0,0.0,0.0,0.0,0.0,COMMON,EQUITY,STK,Single,,2026-03-17,STK,COMMON,1473.82,1473.82,1473.82,1473.82
B,844350,S,,,BR414,354199212,35630639314,000554XX4,CUSIP,US000000554,SECURITY 554,4686.95,4733.82,0.0,0.0,0.0,0.0,0.0,0.0,0.0,0.0,0.0,COMMON,EQUITY,STK,Single,,2026-03-17,STK,COMMON,4686.95,4686.95,4686.95,4686.95
B,844350,S,,,BR415,354199212,35630639315,000555XX5,CUSIP,US000000555,SECURITY 555,44272.21,44714.93,0.0,0.0,0.0,0.0,0.0,0.0,0.0,0.0,0.0,COMMON,EQUITY,STK,Single,,2026-03-17,STK,COMMON,44272.21,44272.21,44272.21,44272.21
B,844350,S,,,BR416,354199212,35630639316,000556XX6,CUSIP,US000000556,SECURITY 556,45292.5,45745.43,0.0,0.0,0.0,0.0,0.0,0.0,0.0,0.0,0.0,COMMON,EQUITY,STK,Single,,2026-03-17,STK,COMMON,45292.5,45292.5,45292.5,45292.5
B,844350,S,,,BR417,354199212,35630639317,000557XX7,CUSIP,US000000557,SECURITY 557,27733.92,28011.26,0.0,0.0,0.0,0.0,0.0,0.0,0.0,0.0,0.0,COMMON,EQUITY,STK,Single,,2026-03-17,STK,COMMON,27733.92,27733.92,27733.92,27733.92
B,844350,S,,,BR418,354199212,35630639318,000558XX8,CUSIP,US000000558,SECURITY 558,41895.16,42314.11,0.0,0.0,0.0,0.0,0.0,0.0,0.0,0.0,0.0,COMMON,EQUITY,STK,Single,,2026-03-17,STK,COMMON,41895.16,41895.16,41895.16,41895.16
B,844350,S,,,BR419,354199212,35630639319,000559XX9,CUSIP,US000000559,SECURITY 559,29542.97,29838.4,0.0,0.0,0.0,0.0,0.0,0.0,0.0,0.0,0.0,COMMON,EQUITY,STK,Single,,2026-03-17,STK,COMMON,29542.97,29542.97,29542.97,29542.97
B,844350,S,,,BR420,354199212,35630639320,000560XX0,CUSIP,US000000560,SECURITY 560,8256.6,8339.17,0.0,0.0,0.0,0.0,0.0,0.0,0.0,0.0,0.0,COMMON,EQUITY,STK,Single,,2026-03-17,STK,COMMON,8256.6,8256.6,8256.6,8256.6
B,844350,S,,,BR421,354199212,35630639321,000561XX1,CUSIP,US000000561,SECURITY 561,7244.83,7317.28,0.0,0.0,0.0,0.0,0.0,0.0,0.0,0.0,0.0,COMMON,EQUITY,STK,Single,,2026-03-17,STK,COMMON,7244.83,7244.83,7244.83,7244.83
B,844350,S,,,BR422,354199212,35630639322,000562XX2,CUSIP,US000000562,SECURITY 562,16104.66,16265.71,0.0,0.0,0.0,0.0,0.0,0.0,0.0,0.0,0.0,COMMON,EQUITY,STK,Single,,2026-03-17,STK,COMMON,16104.66,16104.66,16104.66,16104.66
B,844350,S,,,BR423,354199212,35630639323,000563XX3,CUSIP,US000000563,SECURITY 563,45050.09,45500.59,0.0,0.0,0.0,0.0,0.0,0.0,0.0,0.0,0.0,COMMON,EQUITY,STK,Single,,2026-03-17,STK,COMMON,45050.09,45050.09,45050.09,45050.09
B,844350,S,,,BR424,354199212,35630639324,000564XX4,CUSIP,US000000564,SECURITY 564,40009.99,40410.09,0.0,0.0,0.0,0.0,0.0,0.0,0.0,0.0,0.0,COMMON,EQUITY,STK,Single,,2026-03-17,STK,COMMON,40009.99,40009.99,40009.99,40009.99
B,844350,S,,,BR425,354199212,35630639325,000565XX5,CUSIP,US000000565,SECURITY 565,43174.43,43606.17,0.0,0.0,0.0,0.0,0.0,0.0,0.0,0.0,0.0,COMMON,EQUITY,STK,Single,,2026-03-17,STK,COMMON,43174.43,43174.43,43174.43,43174.43
B,844350,S,,,BR426,354199212,35630639326,000566XX6,CUSIP,US000000566,SECURITY 566,45047.31,45497.78,0.0,0.0,0.0,0.0,0.0,0.0,0.0,0.0,0.0,COMMON,EQUITY,STK,Single,,2026-03-17,STK,COMMON,45047.31,45047.31,45047.31,45047.31
B,844350,S,,,BR427,354199212,35630639327,000567XX7,CUSIP,US000000567,SECURITY 567,11293.75,11406.69,0.0,0.0,0.0,0.0,0.0,0.0,0.0,0.0,0.0,COMMON,EQUITY,STK,Single,,2026-03-17,STK,COMMON,11293.75,11293.75,11293.75,11293.75
B,844350,S,,,BR428,354199212,35630639328,000568XX8,CUSIP,US000000568,SECURITY 568,13226.96,13359.23,0.0,0.0,0.0,0.0,0.0,0.0,0.0,0.0,0.0,COMMON,EQUITY,STK,Single,,2026-03-17,STK,COMMON,13226.96,13226.96,13226.96,13226.96
B,844350,S,,,BR429,354199212,35630639329,000569XX9,CUSIP,US000000569,SECURITY 569,6036.89,6097.26,0.0,0.0,0.0,0.0,0.0,0.0,0.0,0.0,0.0,COMMON,EQUITY,STK,Single,,2026-03-17,STK,COMMON,6036.89,6036.89,6036.89,6036.89
B,844350,S,,,BR430,354199212,35630639330,000570XX0,CUSIP,US000000570,SECURITY 570,39225.7,39617.96,0.0,0.0,0.0,0.0,0.0,0.0,0.0,0.0,0.0,COMMON,EQUITY,STK,Single,,2026-03-17,STK,COMMON,39225.7,39225.7,39225.7,39225.7
B,844350,S,,,BR431,354199212,35630639331,000571XX1,CUSIP,US000000571,SECURITY 571,44322.6,44765.83,0.0,0.0,0.0,0.0,0.0,0.0,0.0,0.0,0.0,COMMON,EQUITY,STK,Single,,2026-03-17,STK,COMMON,44322.6,44322.6,44322.6,44322.6
B,844350,S,,,BR432,354199212,35630639332,000572XX2,CUSIP,US000000572,SECURITY 572,20912.49,21121.61,0.0,0.0,0.0,0.0,0.0,0.0,0.0,0.0,0.0,COMMON,EQUITY,STK,Single,,2026-03-17,STK,COMMON,20912.49,20912.49,20912.49,20912.49
B,844350,S,,,BR433,354199212,35630639333,000573XX3,CUSIP,US000000573,SECURITY 573,31412.41,31726.53,0.0,0.0,0.0,0.0,0.0,0.0,0.0,0.0,0.0,COMMON,EQUITY,STK,Single,,2026-03-17,STK,COMMON,31412.41,31412.41,31412.41,31412.41
B,844350,S,,,BR434,354199212,35630639334,000574XX4,CUSIP,US000000574,SECURITY 574,8573.11,8658.84,0.0,0.0,0.0,0.0,0.0,0.0,0.0,0.0,0.0,COMMON,EQUITY,STK,Single,,2026-03-17,STK,COMMON,8573.11,8573.11,8573.11,8573.11
B,844350,S,,,BR435,354199212,35630639335,000575XX5,CUSIP,US000000575,SECURITY 575,46564.17,47029.81,0.0,0.0,0.0,0.0,0.0,0.0,0.0,0.0,0.0,COMMON,EQUITY,STK,Single,,2026-03-17,STK,COMMON,46564.17,46564.17,46564.17,46564.17
B,844350,S,,,BR436,354199212,35630639336,000576XX6,CUSIP,US000000576,SECURITY 576,43365.68,43799.34,0.0,0.0,0.0,0.0,0.0,0.0,0.0,0.0,0.0,COMMON,EQUITY,STK,Single,,2026-03-17,STK,COMMON,43365.68,43365.68,43365.68,43365.68
B,844350,S,,,BR437,354199212,35630639337,000577XX7,CUSIP,US000000577,SECURITY 577,48834.1,49322.44,0.0,0.0,0.0,0.0,0.0,0.0,0.0,0.0,0.0,COMMON,EQUITY,STK,Single,,2026-03-17,STK,COMMON,48834.1,48834.1,48834.1,48834.1
B,844350,S,,,BR438,354199212,35630639338,000578XX8,CUSIP,US000000578,SECURITY 578,40727.81,41135.09,0.0,0.0,0.0,0.0,0.0,0.0,0.0,0.0,0.0,COMMON,EQUITY,STK,Single,,2026-03-17,STK,COMMON,40727.81,40727.81,40727.81,40727.81
B,844350,S,,,BR439,354199212,35630639339,000579XX9,CUSIP,US000000579,SECURITY 579,44189.39,44631.28,0.0,0.0,0.0,0.0,0.0,0.0,0.0,0.0,0.0,COMMON,EQUITY,STK,Single,,2026-03-17,STK,COMMON,44189.39,44189.39,44189.39,44189.39
B,844350,S,,,BR440,354199212,35630639340,000580XX0,CUSIP,US000000580,SECURITY 580,2214.53,2236.68,0.0,0.0,0.0,0.0,0.0,0.0,0.0,0.0,0.0,COMMON,EQUITY,STK,Single,,2026-03-17,STK,COMMON,2214.53,2214.53,2214.53,2214.53
B,844350,S,,,BR441,354199212,35630639341,000581XX1,CUSIP,US000000581,SECURITY 581,37091.66,37462.58,0.0,0.0,0.0,0.0,0.0,0.0,0.0,0.0,0.0,COMMON,EQUITY,STK,Single,,2026-03-17,STK,COMMON,37091.66,37091.66,37091.66,37091.66
B,844350,S,,,BR442,354199212,35630639342,000582XX2,CUSIP,US000000582,SECURITY 582,17277.09,17449.86,0.0,0.0,0.0,0.0,0.0,0.0,0.0,0.0,0.0,COMMON,EQUITY,STK,Single,,2026-03-17,STK,COMMON,17277.09,17277.09,17277.09,17277.09
B,844350,S,,,BR443,354199212,35630639343,000583XX3,CUSIP,US000000583,SECURITY 583,46609.98,47076.08,0.0,0.0,0.0,0.0,0.0,0.0,0.0,0.0,0.0,COMMON,EQUITY,STK,Single,,2026-03-17,STK,COMMON,46609.98,46609.98,46609.98,46609.98
B,844350,S,,,BR444,354199212,35630639344,000584XX4,CUSIP,US000000584,SECURITY 584,40309.52,40712.62,0.0,0.0,0.0,0.0,0.0,0.0,0.0,0.0,0.0,COMMON,EQUITY,STK,Single,,2026-03-17,STK,COMMON,40309.52,40309.52,40309.52,40309.52
B,844350,S,,,BR445,354199212,35630639345,000585XX5,CUSIP,US000000585,SECURITY 585,43339.14,43772.53,0.0,0.0,0.0,0.0,0.0,0.0,0.0,0.0,0.0,COMMON,EQUITY,STK,Single,,2026-03-17,STK,COMMON,43339.14,43339.14,43339.14,43339.14
B,844350,S,,,BR446,354199212,35630639346,000586XX6,CUSIP,US000000586,SECURITY 586,40726.72,41133.99,0.0,0.0,0.0,0.0,0.0,0.0,0.0,0.0,0.0,COMMON,EQUITY,STK,Single,,2026-03-17,STK,COMMON,40726.72,40726.72,40726.72,40726.72
B,844350,S,,,BR447,354199212,35630639347,000587XX7,CUSIP,US000000587,SECURITY 587,14073.48,14214.21,0.0,0.0,0.0,0.0,0.0,0.0,0.0,0.0,0.0,COMMON,EQUITY,STK,Single,,2026-03-17,STK,COMMON,14073.48,14073.48,14073.48,14073.48
B,844350,S,,,BR448,354199212,35630639348,000588XX8,CUSIP,US000000588,SECURITY 588,39581.35,39977.16,0.0,0.0,0.0,0.0,0.0,0.0,0.0,0.0,0.0,COMMON,EQUITY,STK,Single,,2026-03-17,STK,COMMON,39581.35,39581.35,39581.35,39581.35
B,844350,S,,,BR449,354199212,35630639349,000589XX9,CUSIP,US000000589,SECURITY 589,6296.69,6359.66,0.0,0.0,0.0,0.0,0.0,0.0,0.0,0.0,0.0,COMMON,EQUITY,STK,Single,,2026-03-17,STK,COMMON,6296.69,6296.69,6296.69,6296.69
B,844350,S,,,BR450,354199212,35630639350,000590XX0,CUSIP,US000000590,SECURITY 590,43736.17,44173.53,0.0,0.0,0.0,0.0,0.0,0.0,0.0,0.0,0.0,COMMON,EQUITY,STK,Single,,2026-03-17,STK,COMMON,43736.17,43736.17,43736.17,43736.17
B,844350,S,,,BR451,354199212,35630639351,000591XX1,CUSIP,US000000591,SECURITY 591,43071.07,43501.78,0.0,0.0,0.0,0.0,0.0,0.0,0.0,0.0,0.0,COMMON,EQUITY,STK,Single,,2026-03-17,STK,COMMON,43071.07,43071.07,43071.07,43071.07
B,844350,S,,,BR452,354199212,35630639352,000592XX2,CUSIP,US000000592,SECURITY 592,11899.25,12018.24,0.0,0.0,0.0,0.0,0.0,0.0,0.0,0.0,0.0,COMMON,EQUITY,STK,Single,,2026-03-17,STK,COMMON,11899.25,11899.25,11899.25,11899.25
B,844350,S,,,BR453,354199212,35630639353,000593XX3,CUSIP,US000000593,SECURITY 593,41012.74,41422.87,0.0,0.0,0.0,0.0,0.0,0.0,0.0,0.0,0.0,COMMON,EQUITY,STK,Single,,2026-03-17,STK,COMMON,41012.74,41012.74,41012.74,41012.74
B,844350,S,,,BR454,354199212,35630639354,000594XX4,CUSIP,US000000594,SECURITY 594,23554.86,23790.41,0.0,0.0,0.0,0.0,0.0,0.0,0.0,0.0,0.0,COMMON,EQUITY,STK,Single,,2026-03-17,STK,COMMON,23554.86,23554.86,23554.86,23554.86
B,844350,S,,,BR455,354199212,35630639355,000595XX5,CUSIP,US000000595,SECURITY 595,15954.35,16113.89,0.0,0.0,0.0,0.0,0.0,0.0,0.0,0.0,0.0,COMMON,EQUITY,STK,Single,,2026-03-17,STK,COMMON,15954.35,15954.35,15954.35,15954.35
B,844350,S,,,BR456,354199212,35630639356,000596XX6,CUSIP,US000000596,SECURITY 596,39971.93,40371.65,0.0,0.0,0.0,0.0,0.0,0.0,0.0,0.0,0.0,COMMON,EQUITY,STK,Single,,2026-03-17,STK,COMMON,39971.93,39971.93,39971.93,39971.93
B,844350,S,,,BR457,354199212,35630639357,000597XX7,CUSIP,US000000597,SECURITY 597,12152.18,12273.7,0.0,0.0,0.0,0.0,0.0,0.0,0.0,0.0,0.0,COMMON,EQUITY,STK,Single,,2026-03-17,STK,COMMON,12152.18,12152.18,12152.18,12152.18
B,844350,S,,,BR458,354199212,35630639358,000598XX8,CUSIP,US000000598,SECURITY 598,2159.56,2181.16,0.0,0.0,0.0,0.0,0.0,0.0,0.0,0.0,0.0,COMMON,EQUITY,STK,Single,,2026-03-17,STK,COMMON,2159.56,2159.56,2159.56,2159.56
B,844350,S,,,BR459,354199212,35630639359,000599XX9,CUSIP,US000000599,SECURITY 599,10463.36,10567.99,0.0,0.0,0.0,0.0,0.0,0.0,0.0,0.0,0.0,COMMON,EQUITY,STK,Single,,2026-03-17,STK,COMMON,10463.36,10463.36,10463.36,10463.36
B,844350,S,,,BR460,354199212,35630639360,000600XX0,CUSIP,US000000600,SECURITY 600,17084.84,17255.69,0.0,0.0,0.0,0.0,0.0,0.0,0.0,0.0,0.0,COMMON,EQUITY,STK,Single,,2026-03-17,STK,COMMON,17084.84,17084.84,17084.84,17084.84
B,844350,S,,,BR461,354199212,35630639361,000601XX1,CUSIP,US000000601,SECURITY 601,43353.29,43786.82,0.0,0.0,0.0,0.0,0.0,0.0,0.0,0.0,0.0,COMMON,EQUITY,STK,Single,,2026-03-17,STK,COMMON,43353.29,43353.29,43353.29,43353.29
B,844350,S,,,BR462,354199212,35630639362,000602XX2,CUSIP,US000000602,SECURITY 602,48377.57,48861.35,0.0,0.0,0.0,0.0,0.0,0.0,0.0,0.0,0.0,COMMON,EQUITY,STK,Single,,2026-03-17,STK,COMMON,48377.57,48377.57,48377.57,48377.57
B,844350,S,,,BR463,354199212,35630639363,000603XX3,CUSIP,US000000603,SECURITY 603,14677.12,14823.89,0.0,0.0,0.0,0.0,0.0,0.0,0.0,0.0,0.0,COMMON,EQUITY,STK,Single,,2026-03-17,STK,COMMON,14677.12,14677.12,14677.12,14677.12
B,844350,S,,,BR464,354199212,35630639364,000604XX4,CUSIP,US000000604,SECURITY 604,32432.61,32756.94,0.0,0.0,0.0,0.0,0.0,0.0,0.0,0.0,0.0,COMMON,EQUITY,STK,Single,,2026-03-17,STK,COMMON,32432.61,32432.61,32432.61,32432.61
B,844350,S,,,BR465,354199212,35630639365,000605XX5,CUSIP,US000000605,SECURITY 605,20584.24,20790.08,0.0,0.0,0.0,0.0,0.0,0.0,0.0,0.0,0.0,COMMON,EQUITY,STK,Single,,2026-03-17,STK,COMMON,20584.24,20584.24,20584.24,20584.24
B,844350,S,,,BR466,354199212,35630639366,000606XX6,CUSIP,US000000606,SECURITY 606,49076.33,49567.09,0.0,0.0,0.0,0.0,0.0,0.0,0.0,0.0,0.0,COMMON,EQUITY,STK,Single,,2026-03-17,STK,COMMON,49076.33,49076.33,49076.33,49076.33
B,844350,S,,,BR467,354199212,35630639367,000607XX7,CUSIP,US000000607,SECURITY 607,27274.57,27547.32,0.0,0.0,0.0,0.0,0.0,0.0,0.0,0.0,0.0,COMMON,EQUITY,STK,Single,,2026-03-17,STK,COMMON,27274.57,27274.57,27274.57,27274.57
B,844350,S,,,BR468,354199212,35630639368,000608XX8,CUSIP,US000000608,SECURITY 608,47022.62,47492.85,0.0,0.0,0.0,0.0,0.0,0.0,0.0,0.0,0.0,COMMON,EQUITY,STK,Single,,2026-03-17,STK,COMMON,47022.62,47022.62,47022.62,47022.62
B,844350,S,,,BR469,354199212,35630639369,000609XX9,CUSIP,US000000609,SECURITY 609,6651.75,6718.27,0.0,0.0,0.0,0.0,0.0,0.0,0.0,0.0,0.0,COMMON,EQUITY,STK,Single,,2026-03-17,STK,COMMON,6651.75,6651.75,6651.75,6651.75
B,844350,S,,,BR470,354199212,35630639370,000610XX0,CUSIP,US000000610,SECURITY 610,48549.63,49035.13,0.0,0.0,0.0,0.0,0.0,0.0,0.0,0.0,0.0,COMMON,EQUITY,STK,Single,,2026-03-17,STK,COMMON,48549.63,48549.63,48549.63,48549.63
B,844350,S,,,BR471,354199212,35630639371,000611XX1,CUSIP,US000000611,SECURITY 611,9749.82,9847.32,0.0,0.0,0.0,0.0,0.0,0.0,0.0,0.0,0.0,COMMON,EQUITY,STK,Single,,2026-03-17,STK,COMMON,9749.82,9749.82,9749.82,9749.82
B,844350,S,,,BR472,354199212,35630639372,000612XX2,CUSIP,US000000612,SECURITY 612,48164.18,48645.82,0.0,0.0,0.0,0.0,0.0,0.0,0.0,0.0,0.0,COMMON,EQUITY,STK,Single,,2026-03-17,STK,COMMON,48164.18,48164.18,48164.18,48164.18
B,844350,S,,,BR473,354199212,35630639373,000613XX3,CUSIP,US000000613,SECURITY 613,14007.85,14147.93,0.0,0.0,0.0,0.0,0.0,0.0,0.0,0.0,0.0,COMMON,EQUITY,STK,Single,,2026-03-17,STK,COMMON,14007.85,14007.85,14007.85,14007.85
B,844350,S,,,BR474,354199212,35630639374,000614XX4,CUSIP,US000000614,SECURITY 614,6311.72,6374.84,0.0,0.0,0.0,0.0,0.0,0.0,0.0,0.0,0.0,COMMON,EQUITY,STK,Single,,2026-03-17,STK,COMMON,6311.72,6311.72,6311.72,6311.72
B,844350,S,,,BR475,354199212,35630639375,000615XX5,CUSIP,US000000615,SECURITY 615,22293.62,22516.56,0.0,0.0,0.0,0.0,0.0,0.0,0.0,0.0,0.0,COMMON,EQUITY,STK,Single,,2026-03-17,STK,COMMON,22293.62,22293.62,22293.62,22293.62
B,844350,S,,,BR476,354199212,35630639376,000616XX6,CUSIP,US000000616,SECURITY 616,36698.71,37065.7,0.0,0.0,0.0,0.0,0.0,0.0,0.0,0.0,0.0,COMMON,EQUITY,STK,Single,,2026-03-17,STK,COMMON,36698.71,36698.71,36698.71,36698.71
B,844350,S,,,BR477,354199212,35630639377,000617XX7,CUSIP,US000000617,SECURITY 617,16370.19,16533.89,0.0,0.0,0.0,0.0,0.0,0.0,0.0,0.0,0.0,COMMON,EQUITY,STK,Single,,2026-03-17,STK,COMMON,16370.19,16370.19,16370.19,16370.19
B,844350,S,,,BR478,354199212,35630639378,000618XX8,CUSIP,US000000618,SECURITY 618,30704.23,31011.27,0.0,0.0,0.0,0.0,0.0,0.0,0.0,0.0,0.0,COMMON,EQUITY,STK,Single,,2026-03-17,STK,COMMON,30704.23,30704.23,30704.23,30704.23
B,844350,S,,,BR479,354199212,35630639379,000619XX9,CUSIP,US000000619,SECURITY 619,26059.73,26320.33,0.0,0.0,0.0,0.0,0.0,0.0,0.0,0.0,0.0,COMMON,EQUITY,STK,Single,,2026-03-17,STK,COMMON,26059.73,26059.73,26059.73,26059.73
B,844350,S,,,BR480,354199212,35630639380,000620XX0,CUSIP,US000000620,SECURITY 620,19874.58,20073.33,0.0,0.0,0.0,0.0,0.0,0.0,0.0,0.0,0.0,COMMON,EQUITY,STK,Single,,2026-03-17,STK,COMMON,19874.58,19874.58,19874.58,19874.58
B,844350,S,,,BR481,354199212,35630639381,000621XX1,CUSIP,US000000621,SECURITY 621,29252.81,29545.34,0.0,0.0,0.0,0.0,0.0,0.0,0.0,0.0,0.0,COMMON,EQUITY,STK,Single,,2026-03-17,STK,COMMON,29252.81,29252.81,29252.81,29252.81
B,844350,S,,,BR482,354199212,35630639382,000622XX2,CUSIP,US000000622,SECURITY 622,13481.4,13616.21,0.0,0.0,0.0,0.0,0.0,0.0,0.0,0.0,0.0,COMMON,EQUITY,STK,Single,,2026-03-17,STK,COMMON,13481.4,13481.4,13481.4,13481.4
B,844350,S,,,BR483,354199212,35630639383,000623XX3,CUSIP,US000000623,SECURITY 623,35730.48,36087.78,0.0,0.0,0.0,0.0,0.0,0.0,0.0,0.0,0.0,COMMON,EQUITY,STK,Single,,2026-03-17,STK,COMMON,35730.48,35730.48,35730.48,35730.48
B,844350,S,,,BR484,354199212,35630639384,000624XX4,CUSIP,US000000624,SECURITY 624,1082.87,1093.7,0.0,0.0,0.0,0.0,0.0,0.0,0.0,0.0,0.0,COMMON,EQUITY,STK,Single,,2026-03-17,STK,COMMON,1082.87,1082.87,1082.87,1082.87
B,844350,S,,,BR485,354199212,35630639385,000625XX5,CUSIP,US000000625,SECURITY 625,46353.18,46816.71,0.0,0.0,0.0,0.0,0.0,0.0,0.0,0.0,0.0,COMMON,EQUITY,STK,Single,,2026-03-17,STK,COMMON,46353.18,46353.18,46353.18,46353.18
B,844350,S,,,BR486,354199212,35630639386,000626XX6,CUSIP,US000000626,SECURITY 626,27384.15,27657.99,0.0,0.0,0.0,0.0,0.0,0.0,0.0,0.0,0.0,COMMON,EQUITY,STK,Single,,2026-03-17,STK,COMMON,27384.15,27384.15,27384.15,27384.15
B,844350,S,,,BR487,354199212,35630639387,000627XX7,CUSIP,US000000627,SECURITY 627,36252.07,36614.59,0.0,0.0,0.0,0.0,0.0,0.0,0.0,0.0,0.0,COMMON,EQUITY,STK,Single,,2026-03-17,STK,COMMON,36252.07,36252.07,36252.07,36252.07
B,844350,S,,,BR488,354199212,35630639388,000628XX8,CUSIP,US000000628,SECURITY 628,37355.55,37729.11,0.0,0.0,0.0,0.0,0.0,0.0,0.0,0.0,0.0,COMMON,EQUITY,STK,Single,,2026-03-17,STK,COMMON,37355.55,37355.55,37355.55,37355.55
B,844350,S,,,BR489,354199212,35630639389,000629XX9,CUSIP,US000000629,SECURITY 629,33860.8,34199.41,0.0,0.0,0.0,0.0,0.0,0.0,0.0,0.0,0.0,COMMON,EQUITY,STK,Single,,2026-03-17,STK,COMMON,33860.8,33860.8,33860.8,33860.8
B,844350,S,,,BR490,354199212,35630639390,000630XX0,CUSIP,US000000630,SECURITY 630,18846.85,19035.32,0.0,0.0,0.0,0.0,0.0,0.0,0.0,0.0,0.0,COMMON,EQUITY,STK,Single,,2026-03-17,STK,COMMON,18846.85,18846.85,18846.85,18846.85
B,844350,S,,,BR491,354199212,35630639391,000631XX1,CUSIP,US000000631,SECURITY 631,4428.72,4473.01,0.0,0.0,0.0,0.0,0.0,0.0,0.0,0.0,0.0,COMMON,EQUITY,STK,Single,,2026-03-17,STK,COMMON,4428.72,4428.72,4428.72,4428.72
B,844350,S,,,BR492,354199212,35630639392,000632XX2,CUSIP,US000000632,SECURITY 632,33547.65,33883.13,0.0,0.0,0.0,0.0,0.0,0.0,0.0,0.0,0.0,COMMON,EQUITY,STK,Single,,2026-03-17,STK,COMMON,33547.65,33547.65,33547.65,33547.65
B,844350,S,,,BR493,354199212,35630639393,000633XX3,CUSIP,US000000633,SECURITY 633,17179.8,17351.6,0.0,0.0,0.0,0.0,0.0,0.0,0.0,0.0,0.0,COMMON,EQUITY,STK,Single,,2026-03-17,STK,COMMON,17179.8,17179.8,17179.8,17179.8
B,844350,S,,,BR494,354199212,35630639394,000634XX4,CUSIP,US000000634,SECURITY 634,16381.87,16545.69,0.0,0.0,0.0,0.0,0.0,0.0,0.0,0.0,0.0,COMMON,EQUITY,STK,Single,,2026-03-17,STK,COMMON,16381.87,16381.87,16381.87,16381.87
B,844350,S,,,BR495,354199212,35630639395,000635XX5,CUSIP,US000000635,SECURITY 635,42552.75,42978.28,0.0,0.0,0.0,0.0,0.0,0.0,0.0,0.0,0.0,COMMON,EQUITY,STK,Single,,2026-03-17,STK,COMMON,42552.75,42552.75,42552.75,42552.75
B,844350,S,,,BR496,354199212,35630639396,000636XX6,CUSIP,US000000636,SECURITY 636,36267.96,36630.64,0.0,0.0,0.0,0.0,0.0,0.0,0.0,0.0,0.0,COMMON,EQUITY,STK,Single,,2026-03-17,STK,COMMON,36267.96,36267.96,36267.96,36267.96
B,844350,S,,,BR497,354199212,35630639397,000637XX7,CUSIP,US000000637,SECURITY 637,15715.79,15872.95,0.0,0.0,0.0,0.0,0.0,0.0,0.0,0.0,0.0,COMMON,EQUITY,STK,Single,,2026-03-17,STK,COMMON,15715.79,15715.79,15715.79,15715.79
B,844350,S,,,BR498,354199212,35630639398,000638XX8,CUSIP,US000000638,SECURITY 638,16154.95,16316.5,0.0,0.0,0.0,0.0,0.0,0.0,0.0,0.0,0.0,COMMON,EQUITY,STK,Single,,2026-03-17,STK,COMMON,16154.95,16154.95,16154.95,16154.95
B,844350,S,,,BR499,354199212,35630639399,000639XX9,CUSIP,US000000639,SECURITY 639,21011.25,21221.36,0.0,0.0,0.0,0.0,0.0,0.0,0.0,0.0,0.0,COMMON,EQUITY,STK,Single,,2026-03-17,STK,COMMON,21011.25,21011.25,21011.25,21011.25
B,844350,S,,,BR500,354199212,35630639400,000640XX0,CUSIP,US000000640,SECURITY 640,20717.62,20924.8,0.0,0.0,0.0,0.0,0.0,0.0,0.0,0.0,0.0,COMMON,EQUITY,STK,Single,,2026-03-17,STK,COMMON,20717.62,20717.62,20717.62,20717.62
B,844350,S,,,BR501,354199212,35630639401,000641XX1,CUSIP,US000000641,SECURITY 641,15487.1,15641.97,0.0,0.0,0.0,0.0,0.0,0.0,0.0,0.0,0.0,COMMON,EQUITY,STK,Single,,2026-03-17,STK,COMMON,15487.1,15487.1,15487.1,15487.1
